Time,Tips,Hum%,TempC,voltMeasure(V),readVcc(mV),Event
2015-04-30T11:45:17,0,48.00,22.00,5.08,4892,Rebooted
2015-04-30T11:46:03,0,38.00,23.00,5.10,4892,Normal
2015-04-30T11:47:02,0,40.00,22.00,5.09,4892,Normal
2015-04-30T11:48:02,0,40.00,22.00,5.08,4913,Normal
2015-04-30T11:49:02,0,39.00,23.00,5.10,4913,Normal
2015-04-30T11:50:01,0,39.00,23.00,5.08,4892,Normal
2015-04-30T11:51:01,0,39.00,23.00,5.10,4913,Normal
2015-04-30T11:53:04,0,45.00,23.00,4.79,4501,Rebooted
2015-04-30T11:53:52,0,45.00,23.00,4.77,4519,Rebooted
2015-04-30T11:54:01,0,43.00,23.00,4.75,4501,Rebooted
2015-04-30T15:21:01,0,41.00,22.00,4.89,4630,Rebooted
2015-04-30T15:22:04,0,39.00,23.00,5.08,4892,Normal
2015-04-30T15:23:04,0,38.00,23.00,5.07,4892,Normal
2015-04-30T15:24:03,0,38.00,23.00,5.06,4871,Normal
2015-04-30T15:25:03,0,38.00,23.00,5.05,4871,Normal
2015-04-30T15:25:57,0,45.00,23.00,4.82,4728,Rebooted
2015-04-30T15:26:46,0,43.00,23.00,4.37,4574,Rebooted
2015-04-30T15:27:07,0,39.00,23.00,4.87,4850,Normal
2015-04-30T15:28:06,0,38.00,23.00,4.83,4850,Normal
2015-04-30T15:29:06,0,38.00,23.00,4.83,4850,Normal
2015-04-30T15:30:06,0,38.00,23.00,4.80,4850,Normal
2015-04-30T15:31:05,0,38.00,23.00,4.76,4850,Normal
2015-04-30T15:32:05,0,39.00,22.00,4.81,4850,Normal
2015-04-30T15:33:05,0,38.00,23.00,4.85,4850,Normal
2015-04-30T15:34:04,0,38.00,23.00,4.83,4850,Normal
2015-04-30T15:35:04,0,39.00,22.00,4.83,4850,Normal
2015-04-30T15:36:04,0,39.00,22.00,4.79,4850,Normal
2015-04-30T15:37:03,0,39.00,22.00,4.80,4850,Normal
2015-04-30T15:38:03,0,39.00,22.00,4.81,4850,Normal
2015-04-30T15:39:03,0,39.00,22.00,4.82,4850,Normal
2015-04-30T15:40:03,0,39.00,22.00,4.87,4850,Normal
2015-04-30T15:41:02,0,39.00,22.00,4.82,4850,Normal
2015-04-30T15:42:02,0,39.00,22.00,4.76,4850,Normal
2015-04-30T15:43:02,0,39.00,22.00,4.84,4850,Normal
2015-04-30T15:44:01,0,39.00,22.00,4.79,4850,Normal
2015-04-30T15:45:01,0,39.00,22.00,4.83,4850,Normal
2015-04-30T15:46:01,0,39.00,22.00,4.86,4850,Normal
2015-04-30T15:47:00,0,39.00,22.00,4.85,4850,Normal
2015-04-30T15:48:00,0,39.00,22.00,4.76,4850,Normal
2015-04-30T15:49:00,0,39.00,22.00,4.79,4850,Normal
2015-04-30T15:50:08,0,39.00,22.00,4.86,4850,Normal
2015-04-30T15:51:07,0,39.00,22.00,4.83,4850,Normal
2015-04-30T15:52:07,0,39.00,22.00,4.83,4850,Normal
2015-04-30T15:53:07,0,39.00,22.00,4.80,4850,Normal
2015-04-30T15:54:06,0,39.00,22.00,4.83,4850,Normal
2015-04-30T15:55:06,0,39.00,22.00,4.81,4850,Normal
2015-04-30T15:56:06,0,39.00,22.00,4.81,4850,Normal
2015-04-30T15:57:05,0,39.00,22.00,4.83,4850,Normal
2015-04-30T15:58:05,0,39.00,22.00,4.77,4850,Normal
2015-04-30T15:59:05,0,39.00,22.00,4.83,4850,Normal
2015-04-30T16:00:04,0,39.00,22.00,4.80,4850,Normal
2015-04-30T16:00:05,0,39.00,22.00,4.77,4850,Daily backup
2015-04-30T16:01:00,0,39.00,22.00,4.75,4850,Normal
2015-04-30T16:02:08,0,39.00,22.00,4.87,4850,Normal
2015-04-30T16:03:07,0,39.00,22.00,4.82,4850,Normal
2015-04-30T16:04:07,0,39.00,22.00,4.84,4850,Normal
2015-04-30T16:05:07,0,39.00,22.00,4.83,4850,Normal
2015-04-30T16:06:06,0,39.00,22.00,4.73,4850,Normal
2015-04-30T16:07:06,0,39.00,22.00,4.82,4850,Normal
2015-04-30T16:08:06,0,39.00,22.00,4.80,4850,Normal
2015-04-30T16:09:05,0,39.00,22.00,4.82,4850,Normal
2015-04-30T16:10:05,0,39.00,22.00,4.84,4850,Normal
2015-04-30T16:11:05,0,39.00,22.00,4.84,4850,Normal
2015-04-30T16:12:05,0,39.00,22.00,4.77,4850,Normal
2015-04-30T16:13:04,0,39.00,22.00,4.74,4850,Normal
2015-04-30T16:14:04,0,39.00,22.00,4.77,4850,Normal
2015-04-30T16:15:04,0,39.00,22.00,4.79,4850,Normal
2015-04-30T16:16:03,0,39.00,22.00,4.85,4850,Normal
2015-04-30T16:17:03,0,39.00,22.00,4.76,4850,Normal
2015-04-30T16:18:03,0,39.00,22.00,4.78,4850,Normal
2015-04-30T16:19:02,0,39.00,22.00,4.74,4850,Normal
2015-04-30T16:20:02,0,39.00,22.00,4.72,4850,Normal
2015-04-30T16:21:02,0,39.00,22.00,4.81,4850,Normal
2015-04-30T16:22:01,0,39.00,22.00,4.88,4850,Normal
2015-04-30T16:23:01,0,39.00,22.00,4.78,4850,Normal
2015-04-30T16:24:01,0,39.00,22.00,4.74,4850,Normal
2015-04-30T16:25:00,0,39.00,22.00,4.81,4850,Normal
2015-04-30T16:26:00,0,39.00,22.00,4.74,4850,Normal
2015-04-30T16:27:00,0,39.00,22.00,4.78,4850,Normal
2015-04-30T16:28:08,0,39.00,22.00,4.86,4850,Normal
2015-04-30T16:29:07,0,39.00,22.00,4.75,4850,Normal
2015-04-30T16:30:07,0,39.00,22.00,4.81,4850,Normal
2015-04-30T16:31:07,0,39.00,22.00,4.88,4850,Normal
2015-04-30T16:32:06,0,39.00,22.00,4.78,4850,Normal
2015-04-30T16:33:06,0,39.00,22.00,4.91,4850,Normal
2015-04-30T16:34:06,0,39.00,22.00,4.78,4850,Normal
2015-04-30T16:35:05,0,39.00,22.00,4.85,4850,Normal
2015-04-30T16:36:05,0,39.00,22.00,4.88,4850,Normal
2015-04-30T16:37:05,0,39.00,22.00,4.85,4850,Normal
2015-04-30T16:38:04,0,39.00,22.00,4.83,4850,Normal
2015-04-30T16:39:04,0,39.00,22.00,4.78,4850,Normal
2015-04-30T16:40:04,0,39.00,22.00,4.75,4850,Normal
2015-04-30T16:41:03,0,39.00,22.00,4.78,4850,Normal
2015-04-30T16:42:03,0,39.00,22.00,4.86,4850,Normal
2015-04-30T16:43:03,0,39.00,22.00,4.74,4850,Normal
2015-04-30T16:44:02,0,39.00,22.00,4.77,4850,Normal
2015-04-30T16:45:02,0,39.00,22.00,4.78,4850,Normal
2015-04-30T16:46:02,0,39.00,22.00,4.84,4850,Normal
2015-04-30T16:47:01,0,39.00,22.00,4.75,4850,Normal
2015-04-30T16:48:01,0,39.00,22.00,4.83,4850,Normal
2015-04-30T16:49:01,0,39.00,22.00,4.76,4850,Normal
2015-04-30T16:50:00,0,39.00,22.00,4.75,4850,Normal
2015-04-30T16:51:00,0,39.00,22.00,4.84,4850,Normal
2015-04-30T16:52:00,0,39.00,22.00,4.75,4850,Normal
2015-04-30T16:53:08,0,39.00,22.00,4.86,4850,Normal
2015-04-30T16:54:07,0,39.00,22.00,4.75,4850,Normal
2015-04-30T16:55:07,0,39.00,22.00,4.81,4850,Normal
2015-04-30T16:56:07,0,39.00,22.00,4.72,4850,Normal
2015-04-30T16:57:06,0,39.00,22.00,4.78,4850,Normal
2015-04-30T16:58:06,0,39.00,22.00,4.84,4850,Normal
2015-04-30T16:59:06,0,39.00,22.00,4.85,4850,Normal
2015-04-30T17:00:05,0,39.00,22.00,4.76,4850,Normal
2015-04-30T17:00:06,0,39.00,22.00,4.62,4850,Daily backup
2015-04-30T17:01:34,0,39.00,22.00,4.82,4850,Normal
2015-04-30T17:02:00,0,39.00,22.00,4.76,4850,Normal
2015-04-30T17:03:00,0,39.00,22.00,4.78,4850,Normal
2015-04-30T17:04:00,0,39.00,22.00,4.77,4850,Normal
2015-04-30T17:05:08,0,39.00,22.00,4.80,4850,Normal
2015-04-30T17:06:07,0,39.00,22.00,4.73,4850,Normal
2015-04-30T17:07:07,0,39.00,22.00,4.82,4850,Normal
2015-04-30T17:08:07,0,39.00,22.00,4.82,4850,Normal
2015-04-30T17:09:07,0,39.00,22.00,4.79,4850,Normal
2015-04-30T17:10:06,0,38.00,23.00,4.85,4850,Normal
2015-04-30T17:11:06,0,38.00,23.00,4.78,4850,Normal
2015-04-30T17:12:06,0,38.00,23.00,4.90,4850,Normal
2015-04-30T17:13:05,0,38.00,23.00,4.86,4850,Normal
2015-04-30T17:14:05,0,38.00,23.00,4.85,4850,Normal
2015-04-30T17:15:05,0,38.00,23.00,4.85,4850,Normal
2015-04-30T17:16:04,0,39.00,22.00,4.75,4829,Normal
2015-04-30T17:17:04,0,39.00,22.00,4.79,4850,Normal
2015-04-30T17:18:04,0,39.00,22.00,4.74,4850,Normal
2015-04-30T17:19:03,0,39.00,22.00,4.75,4850,Normal
2015-04-30T17:20:03,0,39.00,22.00,4.84,4850,Normal
2015-04-30T17:21:03,0,39.00,22.00,4.76,4850,Normal
2015-04-30T17:22:02,0,39.00,22.00,4.75,4850,Normal
2015-04-30T17:23:02,0,39.00,22.00,4.80,4850,Normal
2015-04-30T17:24:02,0,39.00,22.00,4.88,4850,Normal
2015-04-30T17:25:01,0,39.00,22.00,4.77,4850,Normal
2015-04-30T17:26:01,0,39.00,22.00,4.89,4850,Normal
2015-04-30T17:27:01,0,39.00,22.00,4.72,4850,Normal
2015-04-30T17:28:00,0,39.00,22.00,4.80,4850,Normal
2015-04-30T17:29:00,0,39.00,22.00,4.90,4850,Normal
2015-04-30T17:30:00,0,39.00,22.00,4.82,4850,Normal
2015-04-30T17:31:08,0,39.00,22.00,4.86,4850,Normal
2015-04-30T17:32:07,0,39.00,22.00,4.82,4850,Normal
2015-04-30T17:33:07,0,39.00,22.00,4.81,4850,Normal
2015-04-30T17:34:07,0,39.00,22.00,4.78,4850,Normal
2015-04-30T17:35:06,0,39.00,22.00,4.84,4850,Normal
2015-04-30T17:36:06,0,39.00,22.00,4.84,4850,Normal
2015-04-30T17:37:06,0,39.00,22.00,4.75,4850,Normal
2015-04-30T17:38:05,0,39.00,22.00,4.75,4850,Normal
2015-04-30T17:39:05,0,39.00,22.00,4.79,4850,Normal
2015-04-30T17:40:05,0,39.00,22.00,4.78,4850,Normal
2015-04-30T17:41:04,0,39.00,22.00,4.82,4850,Normal
2015-04-30T17:42:04,0,39.00,22.00,4.77,4850,Normal
2015-04-30T17:43:04,0,39.00,22.00,4.76,4850,Normal
2015-04-30T17:44:03,0,39.00,22.00,4.84,4850,Normal
2015-04-30T17:45:03,0,39.00,22.00,4.85,4850,Normal
2015-04-30T17:46:03,0,39.00,22.00,4.78,4850,Normal
2015-04-30T17:47:02,0,39.00,22.00,4.76,4850,Normal
2015-04-30T17:48:02,0,39.00,22.00,4.80,4850,Normal
2015-04-30T17:49:02,0,39.00,22.00,4.76,4850,Normal
2015-04-30T17:50:01,0,39.00,22.00,4.75,4850,Normal
2015-04-30T17:51:01,0,39.00,22.00,4.79,4850,Normal
2015-04-30T17:52:01,0,39.00,22.00,4.72,4850,Normal
2015-04-30T17:53:00,0,39.00,22.00,4.78,4850,Normal
2015-04-30T17:54:00,0,39.00,22.00,4.69,4850,Normal
2015-04-30T17:55:00,0,39.00,22.00,4.84,4850,Normal
2015-04-30T17:56:08,0,39.00,22.00,4.74,4850,Normal
2015-04-30T17:57:07,0,39.00,22.00,4.75,4850,Normal
2015-04-30T17:58:07,0,39.00,22.00,4.80,4850,Normal
2015-04-30T17:59:07,0,39.00,22.00,4.84,4850,Normal
2015-04-30T18:00:06,0,39.00,22.00,4.78,4850,Normal
2015-04-30T18:00:07,0,39.00,22.00,4.65,4850,Daily backup
2015-04-30T18:02:18,0,39.00,22.00,4.76,4850,Normal
2015-04-30T18:03:00,0,39.00,22.00,4.72,4850,Normal
2015-04-30T18:04:00,0,39.00,22.00,4.75,4850,Normal
2015-04-30T18:05:00,0,39.00,22.00,4.88,4850,Normal
2015-04-30T18:06:00,0,39.00,22.00,4.80,4850,Normal
2015-04-30T18:07:08,0,39.00,22.00,4.85,4850,Normal
2015-04-30T18:08:07,0,39.00,22.00,4.79,4850,Normal
2015-04-30T18:09:07,0,39.00,22.00,4.84,4850,Normal
2015-04-30T18:10:07,0,39.00,22.00,4.82,4850,Normal
2015-04-30T18:11:06,0,39.00,22.00,4.75,4850,Normal
2015-04-30T18:12:06,0,39.00,22.00,4.84,4850,Normal
2015-04-30T18:13:06,0,39.00,22.00,4.81,4850,Normal
2015-04-30T18:14:05,0,39.00,22.00,4.82,4850,Normal
2015-04-30T18:15:05,0,39.00,22.00,4.90,4850,Normal
2015-04-30T18:16:05,0,39.00,22.00,4.82,4850,Normal
2015-04-30T18:17:04,0,39.00,22.00,4.81,4850,Normal
2015-04-30T18:18:04,0,39.00,22.00,4.76,4850,Normal
2015-04-30T18:19:04,0,39.00,22.00,4.87,4850,Normal
2015-04-30T18:20:03,0,39.00,22.00,4.76,4850,Normal
2015-04-30T18:21:03,0,39.00,22.00,4.84,4850,Normal
2015-04-30T18:22:03,0,39.00,22.00,4.79,4850,Normal
2015-04-30T18:23:02,0,39.00,22.00,4.80,4850,Normal
2015-04-30T18:24:02,0,39.00,22.00,4.74,4850,Normal
2015-04-30T18:25:02,0,39.00,22.00,4.82,4850,Normal
2015-04-30T18:26:01,0,39.00,22.00,4.81,4829,Normal
2015-04-30T18:27:01,0,39.00,22.00,4.81,4850,Normal
2015-04-30T18:28:01,0,39.00,22.00,4.78,4850,Normal
2015-04-30T18:29:00,0,39.00,22.00,4.82,4850,Normal
2015-04-30T18:30:00,0,39.00,22.00,4.76,4850,Normal
2015-04-30T18:31:00,0,39.00,22.00,4.85,4850,Normal
2015-04-30T18:32:08,0,39.00,22.00,4.79,4850,Normal
2015-04-30T18:33:07,0,39.00,22.00,4.78,4850,Normal
2015-04-30T18:34:07,0,39.00,22.00,4.79,4850,Normal
2015-04-30T18:35:07,0,39.00,22.00,4.81,4850,Normal
2015-04-30T18:36:06,0,39.00,22.00,4.70,4850,Normal
2015-04-30T18:37:06,0,39.00,22.00,4.80,4850,Normal
2015-04-30T18:38:06,0,39.00,22.00,4.74,4850,Normal
2015-04-30T18:39:05,0,39.00,22.00,4.83,4829,Normal
2015-04-30T18:40:05,0,39.00,22.00,4.86,4850,Normal
2015-04-30T18:41:05,0,39.00,22.00,4.82,4850,Normal
2015-04-30T18:42:04,0,39.00,22.00,4.85,4850,Normal
2015-04-30T18:43:04,0,39.00,22.00,4.73,4850,Normal
2015-04-30T18:44:04,0,39.00,22.00,4.76,4850,Normal
2015-04-30T18:45:03,0,39.00,22.00,4.77,4850,Normal
2015-04-30T18:46:03,0,39.00,22.00,4.79,4850,Normal
2015-04-30T18:47:02,0,39.00,22.00,4.83,4850,Normal
2015-04-30T18:48:02,0,39.00,22.00,4.83,4850,Normal
2015-04-30T18:49:02,0,39.00,22.00,4.81,4850,Normal
2015-04-30T18:50:01,0,39.00,22.00,4.81,4850,Normal
2015-04-30T18:51:01,0,39.00,22.00,4.84,4850,Normal
2015-04-30T18:52:01,0,39.00,22.00,4.81,4850,Normal
2015-04-30T18:53:00,0,39.00,22.00,4.79,4850,Normal
2015-04-30T18:54:00,0,39.00,22.00,4.70,4850,Normal
2015-04-30T18:55:00,0,39.00,22.00,4.78,4850,Normal
2015-04-30T18:56:08,0,39.00,22.00,4.75,4850,Normal
2015-04-30T18:57:08,0,39.00,22.00,4.79,4850,Normal
2015-04-30T18:58:07,0,39.00,22.00,4.81,4850,Normal
2015-04-30T18:59:07,0,39.00,22.00,4.82,4850,Normal
2015-04-30T19:00:06,0,39.00,22.00,4.81,4850,Normal
2015-04-30T19:00:07,0,39.00,22.00,4.72,4850,Daily backup
2015-04-30T19:03:00,0,39.00,22.00,4.73,4850,Normal
2015-04-30T19:04:00,0,39.00,22.00,4.85,4850,Normal
2015-04-30T19:05:08,0,39.00,22.00,4.90,4850,Normal
2015-04-30T19:06:07,0,39.00,22.00,4.82,4850,Normal
2015-04-30T19:07:07,0,39.00,22.00,4.87,4850,Normal
2015-04-30T19:08:07,0,39.00,22.00,4.84,4850,Normal
2015-04-30T19:09:06,0,39.00,22.00,4.81,4850,Normal
2015-04-30T19:10:06,0,39.00,22.00,4.81,4850,Normal
2015-04-30T19:11:06,0,39.00,22.00,4.85,4850,Normal
2015-04-30T19:12:05,0,39.00,22.00,4.83,4850,Normal
2015-04-30T19:13:05,0,39.00,22.00,4.92,4850,Normal
2015-04-30T19:14:05,0,39.00,22.00,4.83,4850,Normal
2015-04-30T19:15:04,0,39.00,22.00,4.77,4850,Normal
2015-04-30T19:16:04,0,39.00,22.00,4.84,4850,Normal
2015-04-30T19:17:04,0,39.00,22.00,4.79,4850,Normal
2015-04-30T19:18:03,0,39.00,22.00,4.79,4850,Normal
2015-04-30T19:19:03,0,39.00,22.00,4.81,4850,Normal
2015-04-30T19:20:03,0,39.00,22.00,4.79,4850,Normal
2015-04-30T19:21:02,0,39.00,22.00,4.80,4850,Normal
2015-04-30T19:22:02,0,39.00,22.00,4.84,4850,Normal
2015-04-30T19:23:02,0,39.00,22.00,4.78,4850,Normal
2015-04-30T19:24:01,0,39.00,22.00,4.85,4850,Normal
2015-04-30T19:25:01,0,39.00,22.00,4.92,4850,Normal
2015-04-30T19:26:01,0,39.00,22.00,4.81,4850,Normal
2015-04-30T19:27:00,0,39.00,22.00,4.78,4850,Normal
2015-04-30T19:28:00,0,39.00,22.00,4.83,4850,Normal
2015-04-30T19:29:00,0,39.00,22.00,4.81,4850,Normal
2015-04-30T19:30:08,0,39.00,22.00,4.84,4850,Normal
2015-04-30T19:31:07,0,39.00,22.00,4.84,4850,Normal
2015-04-30T19:32:07,0,39.00,22.00,4.79,4850,Normal
2015-04-30T19:33:07,0,39.00,22.00,4.78,4850,Normal
2015-04-30T19:34:06,0,39.00,22.00,4.79,4850,Normal
2015-04-30T19:35:06,0,39.00,22.00,4.82,4850,Normal
2015-04-30T19:36:06,0,39.00,22.00,4.81,4850,Normal
2015-04-30T19:37:05,0,39.00,22.00,4.84,4850,Normal
2015-04-30T19:38:05,0,39.00,22.00,4.90,4850,Normal
2015-04-30T19:39:05,0,39.00,22.00,4.85,4850,Normal
2015-04-30T19:40:04,0,39.00,22.00,4.85,4850,Normal
2015-04-30T19:41:04,0,39.00,22.00,4.76,4850,Normal
2015-04-30T19:42:03,0,39.00,22.00,4.77,4850,Normal
2015-04-30T19:43:03,0,39.00,22.00,4.81,4850,Normal
2015-04-30T19:44:03,0,39.00,22.00,4.81,4850,Normal
2015-04-30T19:45:02,0,39.00,22.00,4.84,4829,Normal
2015-04-30T19:46:02,0,39.00,22.00,4.79,4850,Normal
2015-04-30T19:47:02,0,39.00,22.00,4.81,4850,Normal
2015-04-30T19:48:01,0,39.00,22.00,4.79,4850,Normal
2015-04-30T19:49:01,0,39.00,22.00,4.84,4850,Normal
2015-04-30T19:50:01,0,40.00,22.00,4.88,4850,Normal
2015-04-30T19:51:00,0,39.00,22.00,4.74,4850,Normal
2015-04-30T19:52:00,0,39.00,22.00,4.86,4850,Normal
2015-04-30T19:53:08,0,39.00,22.00,4.78,4850,Normal
2015-04-30T19:54:08,0,39.00,22.00,4.86,4850,Normal
2015-04-30T19:55:07,0,39.00,22.00,4.83,4850,Normal
2015-04-30T19:56:07,0,39.00,22.00,4.85,4850,Normal
2015-04-30T19:57:06,0,39.00,22.00,4.83,4850,Normal
2015-04-30T19:58:06,0,39.00,22.00,4.76,4850,Normal
2015-04-30T19:59:06,0,39.00,22.00,4.81,4850,Normal
2015-04-30T20:00:05,0,39.00,22.00,4.86,4850,Normal
2015-04-30T20:00:06,0,39.00,22.00,4.68,4850,Daily backup
2015-04-30T20:03:40,0,40.00,22.00,4.78,4850,Normal
2015-04-30T20:04:05,0,39.00,21.00,4.79,4850,Normal
2015-04-30T20:05:05,0,39.00,21.00,4.91,4850,Normal
2015-04-30T20:06:05,0,39.00,21.00,4.81,4850,Normal
2015-04-30T20:07:04,0,39.00,22.00,4.82,4850,Normal
2015-04-30T20:08:04,0,40.00,22.00,4.86,4850,Normal
2015-04-30T20:09:04,0,40.00,21.00,4.80,4850,Normal
2015-04-30T20:10:03,0,39.00,22.00,4.82,4850,Normal
2015-04-30T20:11:03,0,39.00,22.00,4.74,4850,Normal
2015-04-30T20:12:03,0,39.00,22.00,4.78,4850,Normal
2015-04-30T20:13:02,0,39.00,21.00,4.81,4850,Normal
2015-04-30T20:14:02,0,40.00,21.00,4.85,4850,Normal
2015-04-30T20:15:01,0,39.00,21.00,4.75,4850,Normal
2015-04-30T20:16:01,0,39.00,21.00,4.80,4850,Normal
2015-04-30T20:17:01,0,39.00,21.00,4.78,4850,Normal
2015-04-30T20:18:00,0,39.00,21.00,4.83,4829,Normal
2015-04-30T20:19:00,0,39.00,21.00,4.85,4850,Normal
2015-04-30T20:20:00,0,40.00,21.00,4.75,4850,Normal
2015-04-30T20:21:08,0,39.00,21.00,4.78,4850,Normal
2015-04-30T20:22:07,0,39.00,21.00,4.78,4829,Normal
2015-04-30T20:23:07,0,39.00,21.00,4.85,4850,Normal
2015-04-30T20:24:07,0,40.00,21.00,4.82,4850,Normal
2015-04-30T20:25:06,0,39.00,21.00,4.82,4850,Normal
2015-04-30T20:26:06,0,40.00,21.00,4.76,4850,Normal
2015-04-30T20:27:05,0,39.00,21.00,4.80,4850,Normal
2015-04-30T20:28:05,0,40.00,21.00,4.79,4850,Normal
2015-04-30T20:29:05,0,40.00,21.00,4.81,4850,Normal
2015-04-30T20:30:04,0,40.00,21.00,4.79,4850,Normal
2015-04-30T20:31:04,0,39.00,21.00,4.81,4850,Normal
2015-04-30T20:32:04,0,39.00,21.00,4.76,4850,Normal
2015-04-30T20:33:03,0,39.00,21.00,4.82,4850,Normal
2015-04-30T20:34:03,0,40.00,21.00,4.87,4850,Normal
2015-04-30T20:35:03,0,40.00,21.00,4.79,4850,Normal
2015-04-30T20:36:02,0,40.00,21.00,4.85,4850,Normal
2015-04-30T20:37:02,0,40.00,21.00,4.77,4850,Normal
2015-04-30T20:38:01,0,39.00,21.00,4.79,4850,Normal
2015-04-30T20:39:01,0,40.00,21.00,4.82,4850,Normal
2015-04-30T20:40:01,0,40.00,21.00,4.79,4850,Normal
2015-04-30T20:41:00,0,40.00,21.00,4.72,4850,Normal
2015-04-30T20:42:00,0,40.00,21.00,4.82,4850,Normal
2015-04-30T20:43:00,0,40.00,21.00,4.88,4850,Normal
2015-04-30T20:44:08,0,40.00,21.00,4.69,4850,Normal
2015-04-30T20:45:07,0,40.00,21.00,4.82,4829,Normal
2015-04-30T20:46:07,0,40.00,21.00,4.84,4850,Normal
2015-04-30T20:47:07,0,40.00,21.00,4.82,4850,Normal
2015-04-30T20:48:06,0,40.00,21.00,4.81,4850,Normal
2015-04-30T20:49:06,0,40.00,21.00,4.75,4850,Normal
2015-04-30T20:50:05,0,40.00,21.00,4.82,4850,Normal
2015-04-30T20:51:05,0,40.00,21.00,4.81,4850,Normal
2015-04-30T20:52:05,0,40.00,21.00,4.78,4850,Normal
2015-04-30T20:53:04,0,40.00,21.00,4.80,4850,Normal
2015-04-30T20:54:04,0,40.00,22.00,4.79,4850,Normal
2015-04-30T20:55:04,0,40.00,22.00,4.87,4850,Normal
2015-04-30T20:56:03,0,40.00,22.00,4.78,4850,Normal
2015-04-30T20:57:03,0,39.00,22.00,4.81,4850,Normal
2015-04-30T20:58:02,0,39.00,22.00,4.81,4850,Normal
2015-04-30T20:59:02,0,39.00,22.00,4.76,4850,Normal
2015-04-30T21:00:02,0,39.00,22.00,4.86,4850,Normal
2015-04-30T21:00:02,0,39.00,22.00,4.79,4850,Daily backup
2015-04-30T21:04:17,0,39.00,21.00,4.81,4850,Normal
2015-04-30T21:05:00,0,40.00,22.00,4.88,4850,Normal
2015-04-30T21:06:00,0,39.00,22.00,4.77,4850,Normal
2015-04-30T21:07:08,0,40.00,22.00,4.87,4850,Normal
2015-04-30T21:08:08,0,39.00,21.00,4.84,4850,Normal
2015-04-30T21:09:07,0,39.00,21.00,4.81,4850,Normal
2015-04-30T21:10:07,0,39.00,21.00,4.82,4850,Normal
2015-04-30T21:11:07,0,40.00,21.00,4.82,4850,Normal
2015-04-30T21:12:06,0,40.00,21.00,4.85,4850,Normal
2015-04-30T21:13:06,0,39.00,22.00,4.80,4850,Normal
2015-04-30T21:14:05,0,40.00,22.00,4.85,4850,Normal
2015-04-30T21:15:05,0,40.00,22.00,4.81,4850,Normal
2015-04-30T21:16:05,0,40.00,22.00,4.85,4850,Normal
2015-04-30T21:17:04,0,40.00,22.00,4.81,4850,Normal
2015-04-30T21:18:04,0,39.00,22.00,4.85,4850,Normal
2015-04-30T21:19:04,0,40.00,22.00,4.83,4850,Normal
2015-04-30T21:20:03,0,39.00,22.00,4.81,4850,Normal
2015-04-30T21:21:03,0,39.00,22.00,4.82,4850,Normal
2015-04-30T21:22:03,0,39.00,22.00,4.81,4850,Normal
2015-04-30T21:23:02,0,39.00,22.00,4.84,4850,Normal
2015-04-30T21:24:02,0,39.00,22.00,4.72,4850,Normal
2015-04-30T21:25:02,0,39.00,22.00,4.80,4850,Normal
2015-04-30T21:26:01,0,39.00,22.00,4.84,4850,Normal
2015-04-30T21:27:01,0,40.00,22.00,4.84,4850,Normal
2015-04-30T21:28:01,0,39.00,22.00,4.81,4850,Normal
2015-04-30T21:29:00,0,40.00,22.00,4.78,4850,Normal
2015-04-30T21:30:00,0,39.00,22.00,4.84,4850,Normal
2015-04-30T21:31:00,0,39.00,22.00,4.91,4850,Normal
2015-04-30T21:32:08,0,39.00,22.00,4.81,4850,Normal
2015-04-30T21:33:07,0,39.00,22.00,4.82,4850,Normal
2015-04-30T21:34:07,0,39.00,22.00,4.85,4850,Normal
2015-04-30T21:35:07,0,39.00,22.00,4.80,4850,Normal
2015-04-30T21:36:06,0,39.00,22.00,4.88,4850,Normal
2015-04-30T21:37:06,0,39.00,22.00,4.83,4850,Normal
2015-04-30T21:38:06,0,39.00,22.00,4.85,4850,Normal
2015-04-30T21:39:05,0,40.00,22.00,4.81,4850,Normal
2015-04-30T21:40:05,0,39.00,22.00,4.86,4850,Normal
2015-04-30T21:41:04,0,40.00,22.00,4.81,4850,Normal
2015-04-30T21:42:04,0,40.00,22.00,4.79,4850,Normal
2015-04-30T21:43:04,0,39.00,22.00,4.85,4850,Normal
2015-04-30T21:44:03,0,39.00,22.00,4.73,4850,Normal
2015-04-30T21:45:03,0,39.00,22.00,4.80,4850,Normal
2015-04-30T21:46:03,0,39.00,22.00,4.91,4850,Normal
2015-04-30T21:47:02,0,39.00,22.00,4.86,4850,Normal
2015-04-30T21:48:02,0,39.00,22.00,4.81,4850,Normal
2015-04-30T21:49:02,0,40.00,22.00,4.79,4850,Normal
2015-04-30T21:50:01,0,39.00,22.00,4.91,4850,Normal
2015-04-30T21:51:01,0,40.00,22.00,4.77,4850,Normal
2015-04-30T21:52:00,0,39.00,21.00,4.84,4850,Normal
2015-04-30T21:53:00,0,39.00,21.00,4.83,4850,Normal
2015-04-30T21:54:00,0,39.00,22.00,4.80,4850,Normal
2015-04-30T21:55:08,0,39.00,21.00,4.81,4850,Normal
2015-04-30T21:56:07,0,39.00,22.00,4.81,4850,Normal
2015-04-30T21:57:07,0,40.00,22.00,4.90,4850,Normal
2015-04-30T21:58:07,0,40.00,21.00,4.81,4850,Normal
2015-04-30T21:59:06,0,39.00,21.00,4.78,4850,Normal
2015-04-30T22:00:06,0,40.00,21.00,4.79,4850,Normal
2015-04-30T22:00:06,0,40.00,21.00,4.67,4850,Daily backup
2015-04-30T22:05:02,0,39.00,21.00,4.75,4850,Normal
2015-04-30T22:06:01,0,39.00,21.00,4.75,4850,Normal
2015-04-30T22:07:01,0,40.00,21.00,4.79,4850,Normal
2015-04-30T22:08:01,0,39.00,21.00,4.76,4850,Normal
2015-04-30T22:09:00,0,40.00,21.00,4.70,4850,Normal
2015-04-30T22:10:00,0,40.00,21.00,4.73,4850,Normal
2015-04-30T22:11:00,0,40.00,21.00,4.79,4850,Normal
2015-04-30T22:12:08,0,39.00,21.00,4.74,4850,Normal
2015-04-30T22:13:07,0,40.00,21.00,4.84,4850,Normal
2015-04-30T22:14:07,0,40.00,21.00,4.81,4850,Normal
2015-04-30T22:15:07,0,39.00,21.00,4.76,4850,Normal
2015-04-30T22:16:06,0,40.00,21.00,4.82,4829,Normal
2015-04-30T22:17:06,0,40.00,21.00,4.76,4850,Normal
2015-04-30T22:18:06,0,39.00,21.00,4.85,4850,Normal
2015-04-30T22:19:05,0,39.00,21.00,4.78,4850,Normal
2015-04-30T22:20:05,0,40.00,21.00,4.80,4850,Normal
2015-04-30T22:21:04,0,40.00,21.00,4.83,4850,Normal
2015-04-30T22:22:04,0,40.00,21.00,4.82,4850,Normal
2015-04-30T22:23:04,0,39.00,21.00,4.78,4850,Normal
2015-04-30T22:24:03,0,40.00,21.00,4.63,4850,Normal
2015-04-30T22:25:03,0,40.00,21.00,4.78,4850,Normal
2015-04-30T22:26:03,0,40.00,21.00,4.79,4850,Normal
2015-04-30T22:27:02,0,40.00,21.00,4.82,4829,Normal
2015-04-30T22:28:02,0,40.00,21.00,4.72,4850,Normal
2015-04-30T22:29:02,0,40.00,21.00,4.75,4850,Normal
2015-04-30T22:30:01,0,40.00,21.00,4.80,4850,Normal
2015-04-30T22:31:01,0,40.00,21.00,4.77,4850,Normal
2015-04-30T22:32:00,0,40.00,21.00,4.80,4850,Normal
2015-04-30T22:33:00,0,40.00,21.00,4.76,4850,Normal
2015-04-30T22:34:00,0,40.00,21.00,4.78,4850,Normal
2015-04-30T22:35:08,0,40.00,21.00,4.68,4850,Normal
2015-04-30T22:36:07,0,40.00,21.00,4.74,4850,Normal
2015-04-30T22:37:07,0,40.00,21.00,4.70,4850,Normal
2015-04-30T22:38:07,0,40.00,21.00,4.87,4850,Normal
2015-04-30T22:39:06,0,40.00,21.00,4.79,4850,Normal
2015-04-30T22:40:06,0,40.00,21.00,4.82,4850,Normal
2015-04-30T22:41:06,0,40.00,22.00,4.75,4850,Normal
2015-04-30T22:42:05,0,40.00,22.00,4.79,4850,Normal
2015-04-30T22:43:05,0,40.00,22.00,4.75,4850,Normal
2015-04-30T22:44:05,0,40.00,22.00,4.69,4850,Normal
2015-04-30T22:45:04,0,40.00,22.00,4.62,4850,Normal
2015-04-30T22:46:04,0,40.00,22.00,4.88,4850,Normal
2015-04-30T22:47:03,0,40.00,21.00,4.70,4850,Normal
2015-04-30T22:48:03,0,40.00,21.00,4.79,4850,Normal
2015-04-30T22:49:03,0,40.00,21.00,4.72,4850,Normal
2015-04-30T22:50:02,0,40.00,21.00,4.75,4850,Normal
2015-04-30T22:51:02,0,40.00,21.00,4.81,4850,Normal
2015-04-30T22:52:02,0,40.00,21.00,4.78,4850,Normal
2015-04-30T22:53:01,0,40.00,21.00,4.69,4850,Normal
2015-04-30T22:54:01,0,40.00,21.00,4.75,4850,Normal
2015-04-30T22:55:00,0,40.00,21.00,4.76,4850,Normal
2015-04-30T22:56:00,0,40.00,21.00,4.78,4850,Normal
2015-04-30T22:57:00,0,40.00,21.00,4.70,4850,Normal
2015-04-30T22:58:08,0,40.00,21.00,4.74,4850,Normal
2015-04-30T22:59:07,0,40.00,21.00,4.76,4850,Normal
2015-04-30T23:00:07,0,40.00,21.00,4.72,4850,Normal
2015-04-30T23:00:07,0,40.00,21.00,4.66,4850,Daily backup
2015-04-30T23:05:43,0,40.00,21.00,4.74,4850,Normal
2015-04-30T23:06:00,0,40.00,21.00,4.73,4850,Normal
2015-04-30T23:07:00,0,40.00,21.00,4.79,4850,Normal
2015-04-30T23:08:08,0,40.00,21.00,4.75,4850,Normal
2015-04-30T23:09:08,0,40.00,21.00,4.70,4850,Normal
2015-04-30T23:10:07,0,40.00,21.00,4.76,4829,Normal
2015-04-30T23:11:07,0,40.00,21.00,4.70,4850,Normal
2015-04-30T23:12:07,0,40.00,21.00,4.61,4850,Normal
2015-04-30T23:13:06,0,40.00,21.00,4.78,4850,Normal
2015-04-30T23:14:06,0,40.00,21.00,4.71,4850,Normal
2015-04-30T23:15:06,0,40.00,21.00,4.69,4850,Normal
2015-04-30T23:16:05,0,40.00,21.00,4.75,4850,Normal
2015-04-30T23:17:05,0,40.00,21.00,4.75,4850,Normal
2015-04-30T23:18:04,0,40.00,21.00,4.73,4850,Normal
2015-04-30T23:19:04,0,40.00,21.00,4.69,4850,Normal
2015-04-30T23:20:04,0,40.00,21.00,4.70,4850,Normal
2015-04-30T23:21:03,0,40.00,21.00,4.69,4829,Normal
2015-04-30T23:22:03,0,40.00,21.00,4.85,4850,Normal
2015-04-30T23:23:03,0,40.00,21.00,4.79,4850,Normal
2015-04-30T23:24:02,0,40.00,21.00,4.66,4850,Normal
2015-04-30T23:25:02,0,40.00,21.00,4.69,4850,Normal
2015-04-30T23:26:01,0,40.00,21.00,4.72,4850,Normal
2015-04-30T23:27:01,0,40.00,21.00,4.74,4850,Normal
2015-04-30T23:28:01,0,40.00,21.00,4.67,4850,Normal
2015-04-30T23:29:00,0,40.00,21.00,4.70,4850,Normal
2015-04-30T23:30:00,0,40.00,21.00,4.74,4850,Normal
2015-04-30T23:31:00,0,40.00,21.00,4.73,4850,Normal
2015-04-30T23:32:08,0,40.00,21.00,4.74,4850,Normal
2015-04-30T23:33:07,0,40.00,21.00,4.79,4829,Normal
2015-04-30T23:34:07,0,40.00,21.00,4.76,4850,Normal
2015-04-30T23:35:07,0,40.00,21.00,4.72,4850,Normal
2015-04-30T23:36:06,0,40.00,21.00,4.70,4850,Normal
2015-04-30T23:37:06,0,40.00,21.00,4.80,4850,Normal
2015-04-30T23:38:05,0,40.00,21.00,4.73,4850,Normal
2015-04-30T23:39:05,0,40.00,21.00,4.76,4850,Normal
2015-04-30T23:40:05,0,40.00,21.00,4.85,4850,Normal
2015-04-30T23:41:04,0,40.00,21.00,4.67,4850,Normal
2015-04-30T23:42:04,0,40.00,21.00,4.80,4850,Normal
2015-04-30T23:43:04,0,40.00,21.00,4.72,4850,Normal
2015-04-30T23:44:03,0,40.00,21.00,4.72,4850,Normal
2015-04-30T23:45:03,0,40.00,21.00,4.67,4850,Normal
2015-04-30T23:46:02,0,40.00,21.00,4.73,4850,Normal
2015-04-30T23:47:02,0,40.00,21.00,4.83,4850,Normal
2015-04-30T23:48:02,0,40.00,21.00,4.70,4850,Normal
2015-04-30T23:49:01,0,40.00,21.00,4.66,4850,Normal
2015-04-30T23:50:01,0,40.00,21.00,4.72,4850,Normal
2015-04-30T23:51:01,0,40.00,21.00,4.75,4850,Normal
2015-04-30T23:52:00,0,40.00,21.00,4.70,4850,Normal
2015-04-30T23:53:00,0,40.00,21.00,4.65,4850,Normal
2015-04-30T23:54:08,0,40.00,21.00,4.75,4850,Normal
2015-04-30T23:55:08,0,40.00,21.00,4.67,4850,Normal
2015-04-30T23:56:07,0,40.00,21.00,4.82,4850,Normal
2015-04-30T23:57:07,0,40.00,21.00,4.68,4850,Normal
2015-04-30T23:58:06,0,40.00,21.00,4.75,4850,Normal
2015-04-30T23:59:06,0,40.00,21.00,4.64,4850,Normal
2015-05-01T00:00:06,0,40.00,21.00,4.72,4850,Normal
2015-05-01T00:00:06,0,40.00,21.00,4.69,4850,Daily backup
2015-05-01T00:06:21,0,40.00,21.00,4.84,4850,Normal
2015-05-01T00:07:04,0,40.00,21.00,4.74,4850,Normal
2015-05-01T00:08:04,0,40.00,21.00,4.80,4850,Normal
2015-05-01T00:09:03,0,40.00,21.00,4.81,4850,Normal
2015-05-01T00:10:03,0,40.00,21.00,4.81,4850,Normal
2015-05-01T00:11:03,0,40.00,21.00,4.87,4850,Normal
2015-05-01T00:12:02,0,40.00,21.00,4.82,4850,Normal
2015-05-01T00:13:02,0,40.00,21.00,4.90,4850,Normal
2015-05-01T00:14:02,0,40.00,21.00,4.81,4850,Normal
2015-05-01T00:15:01,0,40.00,21.00,4.80,4850,Normal
2015-05-01T00:16:01,0,40.00,21.00,4.76,4850,Normal
2015-05-01T00:17:00,0,40.00,21.00,4.75,4850,Normal
2015-05-01T00:18:00,0,40.00,21.00,4.87,4850,Normal
2015-05-01T00:19:00,0,40.00,21.00,4.75,4850,Normal
2015-05-01T00:20:08,0,40.00,21.00,4.85,4850,Normal
2015-05-01T00:21:07,0,40.00,21.00,4.74,4850,Normal
2015-05-01T00:22:07,0,40.00,21.00,4.74,4850,Normal
2015-05-01T00:23:07,0,40.00,21.00,4.84,4850,Normal
2015-05-01T00:24:06,0,40.00,21.00,4.79,4850,Normal
2015-05-01T00:25:06,0,40.00,21.00,4.88,4850,Normal
2015-05-01T00:26:06,0,40.00,21.00,4.78,4850,Normal
2015-05-01T00:27:05,0,40.00,21.00,4.84,4850,Normal
2015-05-01T00:28:05,0,40.00,21.00,4.83,4850,Normal
2015-05-01T00:29:04,0,40.00,21.00,4.75,4850,Normal
2015-05-01T00:30:04,0,40.00,21.00,4.81,4850,Normal
2015-05-01T00:31:04,0,40.00,21.00,4.81,4850,Normal
2015-05-01T00:32:03,0,40.00,21.00,4.79,4850,Normal
2015-05-01T00:33:03,0,40.00,21.00,4.90,4850,Normal
2015-05-01T00:34:02,0,40.00,21.00,4.75,4850,Normal
2015-05-01T00:35:02,0,40.00,21.00,4.82,4850,Normal
2015-05-01T00:36:02,0,40.00,21.00,4.78,4850,Normal
2015-05-01T00:37:01,0,40.00,21.00,4.75,4850,Normal
2015-05-01T00:38:01,0,40.00,21.00,4.81,4850,Normal
2015-05-01T00:39:01,0,40.00,21.00,4.74,4850,Normal
2015-05-01T00:40:00,0,40.00,21.00,4.73,4850,Normal
2015-05-01T00:41:00,0,40.00,21.00,4.72,4850,Normal
2015-05-01T00:42:08,0,40.00,21.00,4.89,4850,Normal
2015-05-01T00:43:08,0,40.00,21.00,4.72,4850,Normal
2015-05-01T00:44:07,0,40.00,21.00,4.79,4850,Normal
2015-05-01T00:45:07,0,40.00,21.00,4.73,4850,Normal
2015-05-01T00:46:06,0,40.00,21.00,4.75,4850,Normal
2015-05-01T00:47:06,0,40.00,21.00,4.81,4850,Normal
2015-05-01T00:48:06,0,40.00,21.00,4.73,4850,Normal
2015-05-01T00:49:05,0,40.00,21.00,4.82,4850,Normal
2015-05-01T00:50:05,0,40.00,21.00,4.80,4850,Normal
2015-05-01T00:51:04,0,40.00,21.00,4.74,4850,Normal
2015-05-01T00:52:04,0,40.00,21.00,4.73,4850,Normal
2015-05-01T00:53:04,0,40.00,21.00,4.73,4829,Normal
2015-05-01T00:54:03,0,40.00,21.00,4.78,4829,Normal
2015-05-01T00:55:03,0,40.00,21.00,4.78,4850,Normal
2015-05-01T00:56:03,0,40.00,21.00,4.76,4850,Normal
2015-05-01T00:57:02,0,40.00,21.00,4.71,4850,Normal
2015-05-01T00:58:02,0,40.00,21.00,4.80,4850,Normal
2015-05-01T00:59:01,0,40.00,21.00,4.68,4850,Normal
2015-05-01T01:00:01,0,40.00,21.00,4.80,4850,Normal
2015-05-01T01:00:01,0,40.00,21.00,4.73,4850,Daily backup
2015-05-01T01:06:56,0,40.00,21.00,4.72,4850,Normal
2015-05-01T01:07:05,0,40.00,21.00,4.76,4850,Normal
2015-05-01T01:08:04,0,40.00,21.00,4.78,4850,Normal
2015-05-01T01:09:04,0,40.00,21.00,4.80,4850,Normal
2015-05-01T01:10:04,0,40.00,21.00,4.82,4850,Normal
2015-05-01T01:11:03,0,40.00,21.00,4.72,4829,Normal
2015-05-01T01:12:03,0,40.00,21.00,4.81,4850,Normal
2015-05-01T01:13:03,0,40.00,21.00,4.82,4850,Normal
2015-05-01T01:14:02,0,40.00,21.00,4.81,4850,Normal
2015-05-01T01:15:02,0,40.00,21.00,4.80,4850,Normal
2015-05-01T01:16:01,0,40.00,21.00,4.79,4850,Normal
2015-05-01T01:17:01,0,40.00,21.00,4.74,4850,Normal
2015-05-01T01:18:01,0,40.00,21.00,4.81,4850,Normal
2015-05-01T01:19:00,0,40.00,21.00,4.84,4850,Normal
2015-05-01T01:20:00,0,40.00,21.00,4.84,4850,Normal
2015-05-01T01:21:00,0,40.00,21.00,4.78,4850,Normal
2015-05-01T01:22:08,0,40.00,21.00,4.79,4850,Normal
2015-05-01T01:23:07,0,40.00,21.00,4.76,4850,Normal
2015-05-01T01:24:07,0,40.00,21.00,4.86,4850,Normal
2015-05-01T01:25:07,0,40.00,21.00,4.71,4850,Normal
2015-05-01T01:26:06,0,40.00,21.00,4.83,4850,Normal
2015-05-01T01:27:06,0,40.00,21.00,4.81,4850,Normal
2015-05-01T01:28:05,0,40.00,21.00,4.73,4850,Normal
2015-05-01T01:29:05,0,40.00,21.00,4.70,4850,Normal
2015-05-01T01:30:05,0,40.00,21.00,4.82,4850,Normal
2015-05-01T01:31:04,0,40.00,21.00,4.87,4829,Normal
2015-05-01T01:32:04,0,40.00,21.00,4.85,4850,Normal
2015-05-01T01:33:04,0,40.00,21.00,4.85,4850,Normal
2015-05-01T01:34:03,0,40.00,21.00,4.78,4850,Normal
2015-05-01T01:35:03,0,40.00,21.00,4.78,4850,Normal
2015-05-01T01:36:02,0,40.00,21.00,4.81,4850,Normal
2015-05-01T01:37:02,0,40.00,21.00,4.82,4850,Normal
2015-05-01T01:38:02,0,40.00,21.00,4.79,4850,Normal
2015-05-01T01:39:01,0,41.00,21.00,4.79,4850,Normal
2015-05-01T01:40:01,0,40.00,21.00,4.81,4850,Normal
2015-05-01T01:41:00,0,40.00,21.00,4.75,4850,Normal
2015-05-01T01:42:00,0,40.00,21.00,4.81,4850,Normal
2015-05-01T01:43:00,0,40.00,21.00,4.82,4850,Normal
2015-05-01T01:44:08,0,40.00,21.00,4.79,4850,Normal
2015-05-01T01:45:07,0,40.00,21.00,4.76,4850,Normal
2015-05-01T01:46:07,0,40.00,21.00,4.81,4850,Normal
2015-05-01T01:47:07,0,40.00,21.00,4.87,4850,Normal
2015-05-01T01:48:06,0,40.00,21.00,4.81,4850,Normal
2015-05-01T01:49:06,0,40.00,21.00,4.87,4850,Normal
2015-05-01T01:50:05,0,40.00,21.00,4.75,4850,Normal
2015-05-01T01:51:05,0,40.00,21.00,4.81,4850,Normal
2015-05-01T01:52:05,0,40.00,21.00,4.83,4850,Normal
2015-05-01T01:53:04,0,41.00,21.00,4.93,4829,Normal
2015-05-01T01:54:04,0,40.00,21.00,4.12,4630,Normal
2015-05-01T01:55:04,0,42.00,21.00,4.15,4630,Normal
2015-05-01T01:56:03,0,42.00,21.00,4.12,4630,Normal
2015-05-01T01:57:03,0,42.00,21.00,4.08,4630,Normal
2015-05-01T01:58:02,0,42.00,21.00,4.04,4630,Normal
2015-05-01T01:59:02,0,42.00,21.00,4.13,4630,Normal
2015-05-01T02:00:02,0,42.00,21.00,4.14,4611,Normal
2015-05-01T02:00:02,0,42.00,21.00,4.12,4630,Daily backup
2015-05-01T02:07:36,0,42.00,21.00,4.09,4630,Normal
2015-05-01T02:08:02,0,42.00,21.00,4.15,4630,Normal
2015-05-01T02:09:02,0,42.00,21.00,4.17,4630,Normal
2015-05-01T02:10:02,0,42.00,21.00,4.17,4630,Normal
2015-05-01T02:11:01,0,42.00,21.00,4.11,4630,Normal
2015-05-01T02:12:01,0,42.00,21.00,4.09,4630,Normal
2015-05-01T02:13:01,0,42.00,21.00,4.10,4630,Normal
2015-05-01T02:14:00,0,42.00,21.00,4.10,4630,Normal
2015-05-01T02:15:00,0,42.00,21.00,4.17,4630,Normal
2015-05-01T02:16:08,0,42.00,21.00,4.12,4630,Normal
2015-05-01T02:17:08,0,42.00,21.00,4.13,4630,Normal
2015-05-01T02:18:07,0,42.00,21.00,4.15,4630,Normal
2015-05-01T02:19:07,0,42.00,21.00,4.09,4630,Normal
2015-05-01T02:20:06,0,42.00,21.00,4.10,4630,Normal
2015-05-01T02:21:06,0,42.00,21.00,4.09,4630,Normal
2015-05-01T02:22:06,0,42.00,21.00,4.13,4630,Normal
2015-05-01T02:23:05,0,42.00,21.00,4.20,4630,Normal
2015-05-01T02:24:05,0,42.00,21.00,4.12,4630,Normal
2015-05-01T02:25:05,0,42.00,21.00,4.15,4630,Normal
2015-05-01T02:26:04,0,42.00,21.00,4.15,4630,Normal
2015-05-01T02:27:04,0,42.00,21.00,4.15,4630,Normal
2015-05-01T02:28:03,0,42.00,21.00,4.14,4630,Normal
2015-05-01T02:29:03,0,43.00,20.00,4.08,4630,Normal
2015-05-01T02:30:03,0,42.00,21.00,4.13,4630,Normal
2015-05-01T02:31:02,0,42.00,21.00,4.18,4630,Normal
2015-05-01T02:32:02,0,42.00,21.00,4.18,4630,Normal
2015-05-01T02:33:01,0,43.00,20.00,4.11,4630,Normal
2015-05-01T02:34:01,0,42.00,21.00,4.14,4630,Normal
2015-05-01T02:35:01,0,42.00,21.00,4.14,4630,Normal
2015-05-01T02:36:00,0,42.00,21.00,4.14,4630,Normal
2015-05-01T02:37:00,0,42.00,21.00,4.15,4630,Normal
2015-05-01T02:38:00,0,42.00,21.00,4.12,4630,Normal
2015-05-01T02:39:08,0,42.00,21.00,4.12,4630,Normal
2015-05-01T02:40:07,0,42.00,21.00,4.15,4611,Normal
2015-05-01T02:41:07,0,42.00,21.00,4.12,4630,Normal
2015-05-01T02:42:07,0,42.00,21.00,4.15,4630,Normal
2015-05-01T02:43:06,0,42.00,21.00,4.14,4630,Normal
2015-05-01T02:44:06,0,42.00,21.00,4.10,4630,Normal
2015-05-01T02:45:05,0,42.00,21.00,4.13,4630,Normal
2015-05-01T02:46:05,0,42.00,21.00,4.13,4630,Normal
2015-05-01T02:47:05,0,42.00,21.00,4.13,4630,Normal
2015-05-01T02:48:04,0,42.00,21.00,4.12,4630,Normal
2015-05-01T02:49:04,0,42.00,21.00,4.18,4630,Normal
2015-05-01T02:50:03,0,43.00,20.00,4.12,4630,Normal
2015-05-01T02:51:03,0,42.00,21.00,4.08,4630,Normal
2015-05-01T02:52:03,0,43.00,20.00,4.13,4630,Normal
2015-05-01T02:53:02,0,42.00,21.00,4.11,4611,Normal
2015-05-01T02:54:02,0,42.00,21.00,4.19,4630,Normal
2015-05-01T02:55:02,0,42.00,21.00,4.13,4630,Normal
2015-05-01T02:56:01,0,42.00,21.00,4.10,4630,Normal
2015-05-01T02:57:01,0,43.00,20.00,4.12,4630,Normal
2015-05-01T02:58:00,0,42.00,21.00,4.11,4630,Normal
2015-05-01T02:59:00,0,42.00,21.00,4.12,4630,Normal
2015-05-01T03:00:00,0,43.00,20.00,4.15,4630,Normal
2015-05-01T03:00:00,0,43.00,20.00,4.13,4650,Daily backup
2015-05-01T03:08:13,0,42.00,21.00,4.19,4650,Normal
2015-05-01T03:09:04,0,43.00,20.00,4.16,4650,Normal
2015-05-01T03:10:04,0,42.00,21.00,4.11,4650,Normal
2015-05-01T03:11:04,0,43.00,20.00,4.12,4650,Normal
2015-05-01T03:12:03,0,42.00,21.00,4.15,4650,Normal
2015-05-01T03:13:03,0,43.00,20.00,4.17,4650,Normal
2015-05-01T03:14:03,0,43.00,20.00,4.11,4650,Normal
2015-05-01T03:15:02,0,42.00,21.00,4.14,4650,Normal
2015-05-01T03:16:02,0,42.00,21.00,4.03,4650,Normal
2015-05-01T03:17:01,0,43.00,20.00,4.13,4650,Normal
2015-05-01T03:18:01,0,42.00,21.00,4.17,4650,Normal
2015-05-01T03:19:01,0,43.00,20.00,4.13,4650,Normal
2015-05-01T03:20:00,0,42.00,21.00,4.11,4650,Normal
2015-05-01T03:21:00,0,43.00,20.00,4.13,4650,Normal
2015-05-01T03:22:00,0,43.00,20.00,4.11,4650,Normal
2015-05-01T03:23:08,0,43.00,20.00,4.03,4650,Normal
2015-05-01T03:24:07,0,43.00,20.00,4.15,4650,Normal
2015-05-01T03:25:07,0,42.00,21.00,4.13,4650,Normal
2015-05-01T03:26:06,0,43.00,20.00,4.05,4650,Normal
2015-05-01T03:27:06,0,42.00,21.00,4.14,4650,Normal
2015-05-01T03:28:06,0,43.00,20.00,4.15,4650,Normal
2015-05-01T03:29:05,0,43.00,20.00,4.13,4650,Normal
2015-05-01T03:30:05,0,43.00,20.00,4.12,4650,Normal
2015-05-01T03:31:05,0,42.00,21.00,4.07,4650,Normal
2015-05-01T03:32:04,0,42.00,21.00,4.11,4650,Normal
2015-05-01T03:33:04,0,43.00,20.00,4.20,4669,Normal
2015-05-01T03:34:03,0,43.00,20.00,4.09,4650,Normal
2015-05-01T03:35:03,0,43.00,20.00,4.16,4669,Normal
2015-05-01T03:36:03,0,42.00,21.00,4.13,4669,Normal
2015-05-01T03:37:02,0,42.00,21.00,4.13,4650,Normal
2015-05-01T03:38:02,0,43.00,20.00,4.16,4669,Normal
2015-05-01T03:39:01,0,43.00,20.00,4.13,4669,Normal
2015-05-01T03:40:01,0,42.00,21.00,4.12,4669,Normal
2015-05-01T03:41:01,0,42.00,21.00,4.15,4669,Normal
2015-05-01T03:42:00,0,42.00,21.00,4.17,4669,Normal
2015-05-01T03:43:00,0,43.00,20.00,4.21,4669,Normal
2015-05-01T03:44:00,0,42.00,21.00,4.14,4669,Normal
2015-05-01T03:45:08,0,43.00,20.00,4.13,4669,Normal
2015-05-01T03:46:07,0,42.00,21.00,4.11,4688,Normal
2015-05-01T03:47:07,0,42.00,21.00,4.15,4688,Normal
2015-05-01T03:48:06,0,42.00,21.00,4.07,4688,Normal
2015-05-01T03:49:06,0,42.00,21.00,4.11,4688,Normal
2015-05-01T03:50:06,0,42.00,21.00,4.18,4688,Normal
2015-05-01T03:51:05,0,42.00,21.00,4.13,4688,Normal
2015-05-01T03:52:05,0,42.00,21.00,4.22,4688,Normal
2015-05-01T03:53:05,0,42.00,21.00,4.08,4688,Normal
2015-05-01T03:54:04,0,42.00,21.00,4.13,4688,Normal
2015-05-01T03:55:04,0,42.00,21.00,4.12,4688,Normal
2015-05-01T03:56:03,0,42.00,21.00,4.12,4688,Normal
2015-05-01T03:57:03,0,42.00,21.00,4.20,4688,Normal
2015-05-01T03:58:03,0,42.00,21.00,4.13,4688,Normal
2015-05-01T03:59:02,0,42.00,21.00,4.17,4688,Normal
2015-05-01T04:00:02,0,42.00,21.00,4.13,4688,Normal
2015-05-01T04:00:02,0,42.00,21.00,4.22,4708,Daily backup
2015-05-01T04:08:51,0,42.00,21.00,4.25,4708,Normal
2015-05-01T04:09:00,0,42.00,21.00,4.20,4708,Normal
2015-05-01T04:10:00,0,43.00,20.00,4.23,4708,Normal
2015-05-01T04:11:08,0,42.00,21.00,4.31,4708,Normal
2015-05-01T04:12:08,0,42.00,21.00,4.24,4708,Normal
2015-05-01T04:13:07,0,42.00,21.00,4.12,4688,Normal
2015-05-01T04:14:07,0,42.00,21.00,4.35,4708,Normal
2015-05-01T04:15:07,0,42.00,21.00,4.15,4708,Normal
2015-05-01T04:16:06,0,43.00,20.00,4.23,4708,Normal
2015-05-01T04:17:06,0,43.00,20.00,4.19,4708,Normal
2015-05-01T04:18:05,0,42.00,21.00,4.20,4708,Normal
2015-05-01T04:19:05,0,43.00,20.00,4.29,4708,Normal
2015-05-01T04:20:05,0,42.00,21.00,4.27,4708,Normal
2015-05-01T04:21:04,0,42.00,21.00,4.24,4708,Normal
2015-05-01T04:22:04,0,42.00,21.00,4.27,4708,Normal
2015-05-01T04:23:04,0,42.00,21.00,4.15,4708,Normal
2015-05-01T04:24:03,0,43.00,20.00,4.24,4708,Normal
2015-05-01T04:25:03,0,43.00,20.00,4.32,4708,Normal
2015-05-01T04:26:02,0,42.00,21.00,4.20,4708,Normal
2015-05-01T04:27:02,0,42.00,21.00,4.27,4708,Normal
2015-05-01T04:28:02,0,42.00,21.00,4.35,4708,Normal
2015-05-01T04:29:01,0,43.00,20.00,4.17,4708,Normal
2015-05-01T04:30:01,0,42.00,21.00,4.26,4708,Normal
2015-05-01T04:31:01,0,43.00,20.00,4.32,4708,Normal
2015-05-01T04:32:00,0,42.00,21.00,4.29,4708,Normal
2015-05-01T04:33:00,0,43.00,20.00,4.20,4708,Normal
2015-05-01T04:34:08,0,42.00,21.00,4.29,4708,Normal
2015-05-01T04:35:07,0,43.00,20.00,4.24,4708,Normal
2015-05-01T04:36:07,0,42.00,21.00,4.20,4708,Normal
2015-05-01T04:37:07,0,42.00,21.00,4.20,4708,Normal
2015-05-01T04:38:06,0,43.00,20.00,4.16,4708,Normal
2015-05-01T04:39:06,0,42.00,21.00,4.25,4708,Normal
2015-05-01T04:40:06,0,42.00,21.00,4.26,4708,Normal
2015-05-01T04:41:05,0,43.00,20.00,4.20,4708,Normal
2015-05-01T04:42:05,0,43.00,20.00,4.21,4708,Normal
2015-05-01T04:43:04,0,42.00,21.00,4.21,4708,Normal
2015-05-01T04:44:04,0,42.00,21.00,4.28,4708,Normal
2015-05-01T04:45:04,0,43.00,20.00,4.18,4708,Normal
2015-05-01T04:46:03,0,42.00,21.00,4.20,4708,Normal
2015-05-01T04:47:03,0,43.00,20.00,4.22,4708,Normal
2015-05-01T04:48:02,0,43.00,20.00,4.24,4708,Normal
2015-05-01T04:49:02,0,43.00,20.00,4.26,4708,Normal
2015-05-01T04:50:02,0,42.00,21.00,4.27,4708,Normal
2015-05-01T04:51:01,0,43.00,20.00,4.25,4708,Normal
2015-05-01T04:52:01,0,42.00,21.00,4.21,4708,Normal
2015-05-01T04:53:01,0,42.00,21.00,4.20,4708,Normal
2015-05-01T04:54:00,0,42.00,21.00,4.24,4708,Normal
2015-05-01T04:55:00,0,43.00,20.00,4.27,4708,Normal
2015-05-01T04:56:08,0,42.00,21.00,4.20,4708,Normal
2015-05-01T04:57:07,0,42.00,21.00,4.18,4708,Normal
2015-05-01T04:58:07,0,42.00,21.00,4.25,4708,Normal
2015-05-01T04:59:07,0,43.00,20.00,4.24,4708,Normal
2015-05-01T05:00:06,0,42.00,21.00,4.22,4708,Normal
2015-05-01T05:00:07,0,42.00,21.00,4.22,4708,Daily backup
2015-05-01T05:09:33,0,43.00,20.00,4.23,4708,Normal
2015-05-01T05:10:08,0,43.00,20.00,4.31,4708,Normal
2015-05-01T05:11:07,0,43.00,20.00,4.28,4708,Normal
2015-05-01T05:12:07,0,43.00,20.00,4.16,4708,Normal
2015-05-01T05:13:07,0,43.00,20.00,4.21,4708,Normal
2015-05-01T05:14:06,0,43.00,20.00,4.24,4708,Normal
2015-05-01T05:15:06,0,43.00,20.00,4.33,4708,Normal
2015-05-01T05:16:06,0,43.00,20.00,4.15,4708,Normal
2015-05-01T05:17:05,0,43.00,20.00,4.19,4708,Normal
2015-05-01T05:18:05,0,43.00,20.00,4.26,4708,Normal
2015-05-01T05:19:04,0,43.00,20.00,4.13,4708,Normal
2015-05-01T05:20:04,0,43.00,20.00,4.17,4708,Normal
2015-05-01T05:21:04,0,42.00,21.00,4.20,4708,Normal
2015-05-01T05:22:03,0,42.00,22.00,4.27,4688,Normal
2015-05-01T05:23:03,0,42.00,22.00,4.23,4708,Normal
2015-05-01T05:24:03,0,42.00,21.00,4.26,4708,Normal
2015-05-01T05:25:02,0,42.00,21.00,4.27,4708,Normal
2015-05-01T05:26:02,0,42.00,21.00,4.19,4708,Normal
2015-05-01T05:27:01,0,42.00,21.00,4.25,4708,Normal
2015-05-01T05:28:01,0,42.00,21.00,4.27,4708,Normal
2015-05-01T05:29:01,0,42.00,21.00,4.32,4708,Normal
2015-05-01T05:30:00,0,42.00,21.00,4.21,4708,Normal
2015-05-01T05:31:00,0,42.00,21.00,4.24,4708,Normal
2015-05-01T05:32:00,0,42.00,21.00,4.29,4708,Normal
2015-05-01T05:33:08,0,42.00,21.00,4.26,4708,Normal
2015-05-01T05:34:07,0,42.00,22.00,4.26,4708,Normal
2015-05-01T05:35:07,0,41.00,23.00,4.34,4708,Normal
2015-05-01T05:36:07,0,42.00,22.00,4.26,4708,Normal
2015-05-01T05:37:06,0,42.00,22.00,4.19,4708,Normal
2015-05-01T05:38:06,0,42.00,22.00,4.24,4708,Normal
2015-05-01T05:39:06,0,42.00,22.00,4.23,4708,Normal
2015-05-01T05:40:05,0,42.00,22.00,4.22,4708,Normal
2015-05-01T05:41:05,0,42.00,22.00,4.31,4708,Normal
2015-05-01T05:42:05,0,42.00,22.00,4.14,4708,Normal
2015-05-01T05:43:04,0,42.00,22.00,4.25,4708,Normal
2015-05-01T05:44:04,0,42.00,21.00,4.23,4708,Normal
2015-05-01T05:45:04,0,42.00,21.00,4.30,4708,Normal
2015-05-01T05:46:03,0,42.00,21.00,4.30,4708,Normal
2015-05-01T05:47:03,0,42.00,21.00,4.20,4708,Normal
2015-05-01T05:48:02,0,42.00,21.00,4.23,4708,Normal
2015-05-01T05:49:02,0,41.00,23.00,4.29,4708,Normal
2015-05-01T05:50:02,0,41.00,24.00,4.21,4708,Normal
2015-05-01T05:51:02,0,41.00,23.00,4.19,4708,Normal
2015-05-01T05:52:01,0,41.00,23.00,4.24,4708,Normal
2015-05-01T05:53:01,0,42.00,22.00,4.26,4708,Normal
2015-05-01T05:54:01,0,42.00,22.00,4.22,4708,Normal
2015-05-01T05:55:00,0,42.00,22.00,4.28,4708,Normal
2015-05-01T05:56:00,0,42.00,22.00,4.31,4708,Normal
2015-05-01T05:57:00,0,42.00,22.00,4.27,4708,Normal
2015-05-01T05:58:08,0,42.00,21.00,4.18,4708,Normal
2015-05-01T05:59:07,0,42.00,21.00,4.23,4708,Normal
2015-05-01T06:00:07,0,42.00,21.00,4.24,4708,Normal
2015-05-01T06:00:07,0,42.00,21.00,4.27,4708,Daily backup
2015-05-01T06:10:11,0,42.00,21.00,4.33,4708,Normal
2015-05-01T06:11:03,0,42.00,22.00,4.30,4708,Normal
2015-05-01T06:12:02,0,42.00,22.00,4.21,4708,Normal
2015-05-01T06:13:02,0,42.00,21.00,4.24,4708,Normal
2015-05-01T06:14:02,0,42.00,21.00,4.25,4708,Normal
2015-05-01T06:15:01,0,42.00,21.00,4.27,4708,Normal
2015-05-01T06:16:01,0,42.00,21.00,4.25,4708,Normal
2015-05-01T06:17:01,0,42.00,21.00,4.28,4708,Normal
2015-05-01T06:18:00,0,42.00,21.00,4.22,4708,Normal
2015-05-01T06:19:00,0,42.00,21.00,4.27,4708,Normal
2015-05-01T06:20:00,0,42.00,21.00,4.26,4708,Normal
2015-05-01T06:21:08,0,41.00,23.00,4.24,4708,Normal
2015-05-01T06:22:07,0,41.00,24.00,4.29,4708,Normal
2015-05-01T06:23:07,0,41.00,23.00,4.25,4708,Normal
2015-05-01T06:24:07,0,41.00,23.00,4.18,4708,Normal
2015-05-01T06:25:07,0,42.00,22.00,4.32,4708,Normal
2015-05-01T06:26:06,0,42.00,22.00,4.26,4708,Normal
2015-05-01T06:27:06,0,42.00,22.00,4.26,4708,Normal
2015-05-01T06:28:06,0,42.00,22.00,4.25,4708,Normal
2015-05-01T06:29:05,0,42.00,22.00,4.23,4708,Normal
2015-05-01T06:30:05,0,42.00,22.00,4.30,4708,Normal
2015-05-01T06:31:04,0,42.00,22.00,4.27,4708,Normal
2015-05-01T06:32:04,0,42.00,21.00,4.30,4708,Normal
2015-05-01T06:33:04,0,42.00,21.00,4.32,4708,Normal
2015-05-01T06:34:03,0,42.00,22.00,4.27,4708,Normal
2015-05-01T06:35:03,0,42.00,22.00,4.29,4708,Normal
2015-05-01T06:36:03,0,42.00,22.00,4.29,4708,Normal
2015-05-01T06:37:02,0,42.00,22.00,4.31,4708,Normal
2015-05-01T06:38:02,0,42.00,22.00,4.26,4708,Normal
2015-05-01T06:39:02,0,42.00,22.00,4.32,4708,Normal
2015-05-01T06:40:01,0,42.00,22.00,4.30,4708,Normal
2015-05-01T06:41:01,0,42.00,22.00,4.26,4708,Normal
2015-05-01T06:42:01,0,42.00,22.00,4.24,4708,Normal
2015-05-01T06:43:00,0,42.00,22.00,4.26,4708,Normal
2015-05-01T06:44:00,0,42.00,22.00,4.27,4708,Normal
2015-05-01T06:45:00,0,42.00,22.00,4.34,4708,Normal
2015-05-01T06:46:08,0,42.00,22.00,4.30,4708,Normal
2015-05-01T06:47:07,0,42.00,22.00,4.24,4708,Normal
2015-05-01T06:48:07,0,42.00,22.00,4.23,4708,Normal
2015-05-01T06:49:07,0,42.00,22.00,4.30,4708,Normal
2015-05-01T06:50:06,0,42.00,22.00,4.34,4708,Normal
2015-05-01T06:51:06,0,42.00,21.00,4.30,4708,Normal
2015-05-01T06:52:05,0,42.00,21.00,4.29,4708,Normal
2015-05-01T06:53:05,0,42.00,21.00,4.30,4708,Normal
2015-05-01T06:54:05,0,42.00,21.00,4.24,4708,Normal
2015-05-01T06:55:04,0,42.00,21.00,4.31,4708,Normal
2015-05-01T06:56:04,0,42.00,21.00,4.29,4708,Normal
2015-05-01T06:57:04,0,42.00,21.00,4.35,4708,Normal
2015-05-01T06:58:03,0,42.00,22.00,4.26,4708,Normal
2015-05-01T06:59:03,0,42.00,22.00,4.32,4708,Normal
2015-05-01T07:00:03,0,42.00,22.00,4.26,4708,Normal
2015-05-01T11:46:08,0,41.00,24.00,5.18,4788,Rebooted
2015-05-01T11:47:03,0,39.00,24.00,5.18,4788,Normal
2015-05-01T11:48:03,0,39.00,23.00,5.18,4788,Normal
2015-05-01T11:49:02,0,40.00,23.00,5.18,4788,Normal
2015-05-01T11:50:02,0,39.00,23.00,5.19,4788,Normal
2015-05-01T11:51:02,0,39.00,23.00,5.18,4788,Normal
2015-05-01T11:52:02,0,40.00,23.00,5.18,4788,Normal
2015-05-01T11:54:33,0,43.00,24.00,5.18,4788,Rebooted
2015-05-01T11:57:12,0,42.00,23.00,5.51,4537,Rebooted
2015-05-01T11:58:06,0,41.00,23.00,5.50,4537,Normal
2015-05-01T11:59:06,0,41.00,23.00,5.18,4788,Normal
2015-05-01T12:00:05,0,40.00,23.00,5.18,4788,Normal
2015-05-01T12:01:40,0,44.00,24.00,5.18,4788,Rebooted
2015-05-01T12:17:10,0,42.00,24.00,5.19,4808,Rebooted
2015-05-01T12:17:19,0,42.00,24.00,5.19,4788,Rebooted
2015-05-01T12:18:02,0,43.00,24.00,5.19,4788,Rebooted
2015-05-01T12:19:05,0,40.00,24.00,5.18,4788,Normal
2015-05-01T12:20:05,0,41.00,24.00,5.17,4788,Normal
2015-05-01T12:21:05,0,40.00,23.00,5.17,4808,Normal
2015-05-01T12:22:04,0,40.00,23.00,5.18,4788,Normal
2015-05-01T12:23:04,0,40.00,23.00,5.19,4808,Normal
2015-05-01T12:24:04,0,40.00,23.00,5.17,4788,Normal
2015-05-01T12:25:03,0,40.00,23.00,5.17,4788,Normal
2015-05-01T12:26:03,0,40.00,23.00,5.18,4788,Normal
2015-05-01T12:27:03,0,40.00,23.00,5.16,4808,Normal
2015-05-01T12:28:02,0,40.00,23.00,5.18,4808,Normal
2015-05-01T12:29:02,0,40.00,23.00,5.17,4808,Normal
2015-05-01T12:30:02,0,40.00,23.00,5.18,4788,Normal
2015-05-01T12:31:02,0,40.00,23.00,5.16,4808,Normal
2015-05-01T12:32:01,0,40.00,23.00,5.16,4788,Normal
2015-05-01T12:33:01,0,40.00,23.00,5.18,4788,Normal
2015-05-01T12:34:01,0,40.00,23.00,5.18,4808,Normal
2015-05-01T12:35:00,0,40.00,23.00,5.20,4808,Normal
2015-05-01T12:36:00,0,40.00,23.00,5.18,4788,Normal
2015-05-01T12:37:00,0,41.00,23.00,5.17,4808,Normal
2015-05-01T12:38:08,0,40.00,23.00,5.19,4808,Normal
2015-05-01T12:39:08,0,40.00,23.00,5.18,4788,Normal
2015-05-01T12:40:07,0,40.00,23.00,5.19,4808,Normal
2015-05-01T12:41:07,0,40.00,23.00,5.20,4808,Normal
2015-05-01T12:42:07,0,40.00,23.00,5.17,4788,Normal
2015-05-01T12:43:06,0,41.00,23.00,5.19,4788,Normal
2015-05-01T12:44:06,0,41.00,23.00,5.18,4788,Normal
2015-05-01T12:45:06,0,40.00,23.00,5.18,4788,Normal
2015-05-01T12:46:06,0,40.00,24.00,5.18,4788,Normal
2015-05-01T12:47:06,0,39.00,24.00,5.17,4788,Normal
2015-05-01T12:48:05,0,37.00,25.00,5.17,4788,Normal
2015-05-01T12:49:05,0,37.00,25.00,5.19,4788,Normal
2015-05-01T12:50:05,0,36.00,25.00,5.16,4788,Normal
2015-05-01T12:51:05,0,36.00,25.00,5.17,4788,Normal
2015-05-01T12:52:05,0,36.00,26.00,5.20,4788,Normal
2015-05-01T12:53:05,0,35.00,26.00,5.21,4788,Normal
2015-05-01T12:54:04,0,35.00,26.00,5.18,4788,Normal
2015-05-01T12:55:04,0,34.00,26.00,5.17,4788,Normal
2015-05-01T12:56:04,0,34.00,26.00,5.17,4808,Normal
2015-05-01T12:57:04,0,34.00,26.00,5.20,4808,Normal
2015-05-01T12:58:04,0,34.00,26.00,5.17,4808,Normal
2015-05-01T12:59:03,0,34.00,26.00,5.18,4788,Normal
2015-05-01T13:00:03,0,33.00,26.00,5.18,4808,Normal
2015-05-01T13:00:04,0,33.00,25.00,5.18,4808,Daily backup
2015-05-01T13:11:25,0,33.00,25.00,5.18,4808,Normal
2015-05-01T13:12:08,0,33.00,25.00,5.18,4808,Normal
2015-05-01T13:13:08,0,33.00,25.00,5.18,4808,Normal
2015-05-01T13:14:08,0,33.00,25.00,5.18,4788,Normal
2015-05-01T13:15:07,0,33.00,25.00,5.18,4788,Normal
2015-05-01T13:16:07,0,33.00,25.00,5.18,4788,Normal
2015-05-01T13:17:07,0,33.00,25.00,5.19,4788,Normal
2015-05-01T13:18:07,0,32.00,25.00,5.18,4808,Normal
2015-05-01T13:19:07,0,33.00,25.00,5.18,4788,Normal
2015-05-01T13:20:06,0,32.00,25.00,5.18,4788,Normal
2015-05-01T13:21:06,0,34.00,24.00,5.18,4788,Normal
2015-05-01T13:22:06,0,34.00,24.00,5.17,4788,Normal
2015-05-01T13:23:06,0,33.00,24.00,5.18,4788,Normal
2015-05-01T13:24:06,0,33.00,24.00,5.18,4808,Normal
2015-05-01T13:25:05,0,33.00,24.00,5.18,4788,Normal
2015-05-01T13:26:05,0,33.00,24.00,5.19,4788,Normal
2015-05-01T13:27:05,0,33.00,24.00,5.17,4808,Normal
2015-05-01T13:28:05,0,34.00,24.00,5.18,4788,Normal
2015-05-01T13:29:04,0,33.00,24.00,5.19,4788,Normal
2015-05-01T13:30:04,0,33.00,24.00,5.17,4788,Normal
2015-05-01T13:31:04,0,33.00,24.00,5.18,4788,Normal
2015-05-01T13:32:04,0,33.00,24.00,5.18,4788,Normal
2015-05-01T13:33:03,0,33.00,24.00,5.18,4788,Normal
2015-05-01T13:34:03,0,33.00,23.00,5.17,4788,Normal
2015-05-01T13:35:03,0,33.00,23.00,5.17,4788,Normal
2015-05-01T13:36:02,0,33.00,23.00,5.18,4788,Normal
2015-05-01T13:37:02,0,33.00,23.00,5.17,4788,Normal
2015-05-01T13:38:02,0,33.00,23.00,5.18,4788,Normal
2015-05-01T13:39:02,0,33.00,23.00,5.18,4788,Normal
2015-05-01T13:40:01,0,33.00,23.00,5.18,4788,Normal
2015-05-01T13:41:01,0,33.00,23.00,5.17,4808,Normal
2015-05-01T13:42:01,0,33.00,23.00,5.17,4788,Normal
2015-05-01T13:43:01,0,33.00,23.00,5.17,4788,Normal
2015-05-01T13:44:00,0,33.00,23.00,5.18,4788,Normal
2015-05-01T13:45:00,0,33.00,23.00,5.18,4808,Normal
2015-05-01T13:46:00,0,33.00,23.00,5.18,4788,Normal
2015-05-01T13:47:08,0,33.00,23.00,5.18,4788,Normal
2015-05-01T13:48:08,0,33.00,23.00,5.17,4788,Normal
2015-05-01T13:49:07,0,33.00,23.00,5.18,4788,Normal
2015-05-01T13:50:07,0,33.00,23.00,5.17,4788,Normal
2015-05-01T13:51:07,0,33.00,23.00,5.15,4808,Normal
2015-05-01T13:52:06,0,33.00,23.00,5.17,4788,Normal
2015-05-01T13:53:06,0,33.00,23.00,5.18,4788,Normal
2015-05-01T13:54:06,0,33.00,23.00,5.17,4788,Normal
2015-05-01T13:55:06,0,33.00,23.00,5.18,4788,Normal
2015-05-01T13:56:05,0,33.00,23.00,5.18,4788,Normal
2015-05-01T13:57:05,0,33.00,23.00,5.17,4788,Normal
2015-05-01T13:58:05,0,33.00,23.00,5.18,4788,Normal
2015-05-01T13:59:04,0,33.00,23.00,5.18,4808,Normal
2015-05-01T14:00:04,0,33.00,23.00,5.17,4788,Normal
2015-05-01T14:00:05,0,33.00,23.00,5.17,4808,Daily backup
2015-05-01T14:12:02,0,33.00,24.00,5.18,4808,Normal
2015-05-01T14:13:01,0,33.00,24.00,5.18,4788,Normal
2015-05-01T14:14:01,0,33.00,24.00,5.17,4788,Normal
2015-05-01T14:15:01,0,33.00,24.00,5.18,4808,Normal
2015-05-01T14:16:01,0,33.00,24.00,5.18,4788,Normal
2015-05-01T14:17:01,0,33.00,24.00,5.18,4788,Normal
2015-05-01T14:18:00,0,33.00,24.00,5.18,4788,Normal
2015-05-01T14:19:00,0,33.00,24.00,5.18,4788,Normal
2015-05-01T14:20:00,0,33.00,24.00,5.18,4788,Normal
2015-05-01T14:21:00,0,33.00,24.00,5.18,4788,Normal
2015-05-01T14:22:08,0,33.00,24.00,5.18,4808,Normal
2015-05-01T14:23:08,0,33.00,24.00,5.18,4788,Normal
2015-05-01T14:24:07,0,33.00,23.00,5.18,4788,Normal
2015-05-01T14:25:07,0,33.00,23.00,5.17,4788,Normal
2015-05-01T14:26:07,0,33.00,23.00,5.19,4788,Normal
2015-05-01T14:27:07,0,33.00,23.00,5.19,4808,Normal
2015-05-01T14:28:06,0,33.00,23.00,5.18,4788,Normal
2015-05-01T14:29:06,0,33.00,23.00,5.18,4788,Normal
2015-05-01T14:30:06,0,33.00,23.00,5.18,4788,Normal
2015-05-01T14:31:06,0,33.00,23.00,5.18,4788,Normal
2015-05-01T14:32:05,0,33.00,23.00,5.18,4788,Normal
2015-05-01T14:33:05,0,33.00,23.00,5.18,4788,Normal
2015-05-01T14:34:05,0,33.00,23.00,5.17,4788,Normal
2015-05-01T14:35:04,0,33.00,24.00,5.18,4788,Normal
2015-05-01T14:36:04,0,33.00,24.00,5.18,4788,Normal
2015-05-01T14:37:04,0,32.00,25.00,5.19,4788,Normal
2015-05-01T14:38:04,0,32.00,25.00,5.18,4788,Normal
2015-05-01T14:39:03,0,32.00,25.00,5.18,4788,Normal
2015-05-01T14:40:03,0,32.00,25.00,5.18,4788,Normal
2015-05-01T14:41:03,0,33.00,24.00,5.18,4788,Normal
2015-05-01T14:42:03,0,33.00,24.00,5.18,4788,Normal
2015-05-01T14:43:02,0,33.00,24.00,5.19,4788,Normal
2015-05-01T14:44:02,0,33.00,24.00,5.19,4788,Normal
2015-05-01T14:45:02,0,33.00,24.00,5.18,4788,Normal
2015-05-01T14:46:02,0,33.00,24.00,5.18,4788,Normal
2015-05-01T14:47:01,0,33.00,24.00,5.19,4788,Normal
2015-05-01T14:48:01,0,33.00,24.00,5.18,4788,Normal
2015-05-01T14:49:01,0,33.00,24.00,5.18,4788,Normal
2015-05-01T14:50:00,0,33.00,24.00,5.17,4788,Normal
2015-05-01T14:51:00,0,33.00,23.00,5.18,4788,Normal
2015-05-01T14:52:00,0,33.00,23.00,5.18,4788,Normal
2015-05-01T14:53:00,0,33.00,23.00,5.19,4788,Normal
2015-05-01T14:54:08,0,33.00,23.00,5.17,4788,Normal
2015-05-01T14:55:07,0,33.00,23.00,5.18,4788,Normal
2015-05-01T14:56:07,0,33.00,23.00,5.18,4788,Normal
2015-05-01T14:57:07,0,33.00,23.00,5.19,4788,Normal
2015-05-01T14:58:07,0,33.00,23.00,5.18,4788,Normal
2015-05-01T14:59:06,0,33.00,23.00,5.18,4788,Normal
2015-05-01T15:00:06,0,33.00,23.00,5.18,4788,Normal
2015-05-01T15:00:06,0,33.00,23.00,5.17,4808,Daily backup
2015-05-01T15:12:38,0,33.00,24.00,5.16,4788,Normal
2015-05-01T15:13:04,0,33.00,24.00,5.16,4788,Normal
2015-05-01T15:14:04,0,33.00,24.00,5.17,4788,Normal
2015-05-01T15:15:04,0,33.00,24.00,5.15,4788,Normal
2015-05-01T15:16:03,0,33.00,24.00,5.17,4808,Normal
2015-05-01T15:17:03,0,33.00,24.00,5.17,4788,Normal
2015-05-01T15:18:03,0,33.00,24.00,5.17,4788,Normal
2015-05-01T15:19:03,0,33.00,24.00,5.17,4808,Normal
2015-05-01T15:20:02,0,33.00,24.00,5.17,4808,Normal
2015-05-01T15:21:02,0,33.00,24.00,5.18,4788,Normal
2015-05-01T15:22:02,0,33.00,24.00,5.18,4788,Normal
2015-05-01T15:23:02,0,33.00,24.00,5.17,4808,Normal
2015-05-01T15:24:01,0,33.00,24.00,5.17,4808,Normal
2015-05-01T15:25:01,0,33.00,24.00,5.18,4788,Normal
2015-05-01T15:26:01,0,33.00,24.00,5.18,4808,Normal
2015-05-01T15:27:01,0,33.00,24.00,5.18,4808,Normal
2015-05-01T15:28:00,0,33.00,24.00,5.18,4808,Normal
2015-05-01T15:29:00,0,33.00,24.00,5.19,4788,Normal
2015-05-01T15:30:00,0,33.00,23.00,5.18,4788,Normal
2015-05-01T15:31:00,0,33.00,23.00,5.18,4788,Normal
2015-05-01T15:32:08,0,33.00,23.00,5.18,4788,Normal
2015-05-01T15:33:07,0,33.00,23.00,5.17,4808,Normal
2015-05-01T15:34:07,0,33.00,23.00,5.18,4808,Normal
2015-05-01T15:35:07,0,33.00,23.00,5.19,4808,Normal
2015-05-01T15:36:07,0,33.00,23.00,5.17,4788,Normal
2015-05-01T15:37:06,0,33.00,23.00,5.18,4788,Normal
2015-05-01T15:38:06,0,33.00,23.00,5.17,4788,Normal
2015-05-01T15:39:06,0,33.00,23.00,5.18,4788,Normal
2015-05-01T15:40:05,0,33.00,23.00,5.16,4788,Normal
2015-05-01T15:41:05,0,33.00,23.00,5.18,4808,Normal
2015-05-01T15:42:05,0,33.00,23.00,5.17,4788,Normal
2015-05-01T15:43:05,0,33.00,23.00,5.17,4788,Normal
2015-05-01T15:44:04,0,33.00,23.00,5.18,4788,Normal
2015-05-01T15:45:04,0,33.00,23.00,5.18,4808,Normal
2015-05-01T15:46:04,0,33.00,23.00,5.18,4788,Normal
2015-05-01T15:47:03,0,33.00,23.00,5.18,4788,Normal
2015-05-01T15:48:03,0,33.00,23.00,5.18,4788,Normal
2015-05-01T15:49:03,0,33.00,23.00,5.17,4788,Normal
2015-05-01T15:50:03,0,33.00,23.00,5.18,4788,Normal
2015-05-01T15:51:02,0,33.00,23.00,5.18,4808,Normal
2015-05-01T15:52:02,0,33.00,23.00,5.18,4788,Normal
2015-05-01T15:53:02,0,33.00,23.00,5.18,4788,Normal
2015-05-01T15:54:01,0,33.00,23.00,5.18,4788,Normal
2015-05-01T15:55:01,0,33.00,23.00,5.17,4808,Normal
2015-05-01T15:56:01,0,33.00,23.00,5.18,4788,Normal
2015-05-01T15:57:00,0,33.00,23.00,5.18,4788,Normal
2015-05-01T15:58:00,0,33.00,23.00,5.18,4788,Normal
2015-05-01T15:59:00,0,33.00,23.00,5.17,4788,Normal
2015-05-01T16:00:00,0,33.00,23.00,5.17,4788,Normal
2015-05-01T16:00:00,0,33.00,23.00,5.17,4788,Daily backup
2015-05-01T16:13:06,0,33.00,24.00,5.17,4808,Normal
2015-05-01T16:14:06,0,33.00,24.00,5.17,4788,Normal
2015-05-01T16:15:06,0,33.00,24.00,5.16,4808,Normal
2015-05-01T16:16:06,0,33.00,24.00,5.17,4788,Normal
2015-05-01T16:17:05,0,33.00,24.00,5.17,4788,Normal
2015-05-01T16:18:05,0,33.00,24.00,5.16,4788,Normal
2015-05-01T16:19:05,0,33.00,24.00,5.18,4788,Normal
2015-05-01T16:20:05,0,33.00,24.00,5.17,4788,Normal
2015-05-01T16:21:04,0,33.00,24.00,5.18,4788,Normal
2015-05-01T16:22:04,0,33.00,24.00,5.18,4808,Normal
2015-05-01T16:23:04,0,33.00,23.00,5.17,4788,Normal
2015-05-01T16:24:04,0,33.00,23.00,5.18,4788,Normal
2015-05-01T16:25:03,0,33.00,23.00,5.17,4788,Normal
2015-05-01T16:26:03,0,33.00,23.00,5.18,4788,Normal
2015-05-01T16:27:03,0,33.00,23.00,5.17,4788,Normal
2015-05-01T16:28:03,0,33.00,23.00,5.17,4788,Normal
2015-05-01T16:29:02,0,33.00,23.00,5.17,4788,Normal
2015-05-01T16:30:02,0,33.00,23.00,5.15,4788,Normal
2015-05-01T16:31:02,0,33.00,23.00,5.18,4788,Normal
2015-05-01T16:32:01,0,33.00,23.00,5.17,4788,Normal
2015-05-01T16:33:01,0,33.00,23.00,5.19,4788,Normal
2015-05-01T16:34:01,0,33.00,23.00,5.17,4788,Normal
2015-05-01T16:35:01,0,33.00,23.00,5.17,4788,Normal
2015-05-01T16:36:00,0,33.00,23.00,5.18,4788,Normal
2015-05-01T16:37:00,0,33.00,23.00,5.17,4788,Normal
2015-05-01T16:38:00,0,33.00,23.00,5.18,4788,Normal
2015-05-01T16:39:08,0,33.00,23.00,5.18,4788,Normal
2015-05-01T16:40:08,0,33.00,23.00,5.17,4788,Normal
2015-05-01T16:41:07,0,33.00,23.00,5.19,4768,Normal
2015-05-01T16:42:07,0,33.00,23.00,5.18,4788,Normal
2015-05-01T16:43:07,0,33.00,23.00,5.17,4788,Normal
2015-05-01T16:44:06,0,33.00,23.00,5.18,4788,Normal
2015-05-01T16:45:06,0,33.00,23.00,5.19,4808,Normal
2015-05-01T16:46:06,0,33.00,23.00,5.18,4788,Normal
2015-05-01T16:47:05,0,33.00,23.00,5.17,4788,Normal
2015-05-01T16:48:05,0,33.00,23.00,5.17,4788,Normal
2015-05-01T16:49:05,0,33.00,23.00,5.19,4788,Normal
2015-05-01T16:50:04,0,33.00,23.00,5.16,4788,Normal
2015-05-01T16:51:04,0,33.00,23.00,5.17,4788,Normal
2015-05-01T16:52:04,0,33.00,23.00,5.18,4788,Normal
2015-05-01T16:53:04,0,33.00,23.00,5.17,4788,Normal
2015-05-01T16:54:03,0,33.00,23.00,5.18,4788,Normal
2015-05-01T16:55:03,0,33.00,23.00,5.17,4788,Normal
2015-05-01T16:56:03,0,33.00,23.00,5.17,4768,Normal
2015-05-01T16:57:02,0,33.00,23.00,5.20,4788,Normal
2015-05-01T16:58:02,0,33.00,23.00,5.18,4788,Normal
2015-05-01T16:59:02,0,34.00,22.00,5.20,4788,Normal
2015-05-01T17:00:01,0,34.00,22.00,5.18,4788,Normal
2015-05-01T17:00:02,0,34.00,22.00,5.17,4808,Daily backup
2015-05-01T17:13:42,0,33.00,23.00,5.18,4788,Normal
2015-05-01T17:14:08,0,33.00,23.00,5.18,4788,Normal
2015-05-01T17:15:08,0,33.00,24.00,5.17,4808,Normal
2015-05-01T17:16:08,0,33.00,24.00,5.18,4788,Normal
2015-05-01T17:17:07,0,33.00,24.00,5.17,4788,Normal
2015-05-01T17:18:07,0,33.00,24.00,5.18,4808,Normal
2015-05-01T17:19:07,0,33.00,24.00,5.16,4788,Normal
2015-05-01T17:20:07,0,33.00,24.00,5.19,4788,Normal
2015-05-01T17:21:06,0,33.00,23.00,5.18,4788,Normal
2015-05-01T17:22:06,0,33.00,23.00,5.18,4788,Normal
2015-05-01T17:23:06,0,33.00,23.00,5.18,4788,Normal
2015-05-01T17:24:06,0,33.00,23.00,5.18,4788,Normal
2015-05-01T17:25:05,0,33.00,23.00,5.18,4788,Normal
2015-05-01T17:26:05,0,33.00,23.00,5.19,4788,Normal
2015-05-01T17:27:05,0,33.00,23.00,5.18,4788,Normal
2015-05-01T17:28:05,0,33.00,23.00,5.18,4788,Normal
2015-05-01T17:29:04,0,33.00,23.00,5.19,4788,Normal
2015-05-01T17:30:04,0,33.00,23.00,5.17,4788,Normal
2015-05-01T17:31:04,0,33.00,23.00,5.19,4788,Normal
2015-05-01T17:32:03,0,33.00,23.00,5.17,4788,Normal
2015-05-01T17:33:03,0,33.00,23.00,5.20,4788,Normal
2015-05-01T17:34:03,0,33.00,23.00,5.18,4788,Normal
2015-05-01T17:35:03,0,33.00,23.00,5.17,4788,Normal
2015-05-01T17:36:02,0,33.00,23.00,5.18,4788,Normal
2015-05-01T17:37:02,0,33.00,23.00,5.19,4788,Normal
2015-05-01T17:38:02,0,33.00,23.00,5.18,4788,Normal
2015-05-01T17:39:01,0,33.00,23.00,5.18,4788,Normal
2015-05-01T17:40:01,0,33.00,23.00,5.18,4788,Normal
2015-05-01T17:41:01,0,33.00,23.00,5.18,4788,Normal
2015-05-01T17:42:00,0,33.00,23.00,5.20,4788,Normal
2015-05-01T17:43:00,0,33.00,23.00,5.17,4788,Normal
2015-05-01T17:44:00,0,33.00,23.00,5.18,4788,Normal
2015-05-01T17:45:00,0,33.00,23.00,5.16,4788,Normal
2015-05-01T17:46:08,0,33.00,23.00,5.17,4768,Normal
2015-05-01T17:47:07,0,33.00,23.00,5.17,4788,Normal
2015-05-01T17:48:07,0,33.00,23.00,5.17,4788,Normal
2015-05-01T17:49:07,0,33.00,23.00,5.17,4788,Normal
2015-05-01T17:50:06,0,33.00,23.00,5.20,4768,Normal
2015-05-01T17:51:06,0,33.00,23.00,5.19,4768,Normal
2015-05-01T17:52:06,0,34.00,22.00,5.18,4788,Normal
2015-05-01T17:53:06,0,33.00,23.00,5.18,4788,Normal
2015-05-01T17:54:05,0,33.00,23.00,5.18,4768,Normal
2015-05-01T17:55:05,0,34.00,22.00,5.20,4768,Normal
2015-05-01T17:56:05,0,33.00,23.00,5.18,4788,Normal
2015-05-01T17:57:04,0,34.00,22.00,5.19,4788,Normal
2015-05-01T17:58:04,0,34.00,22.00,5.17,4788,Normal
2015-05-01T17:59:04,0,34.00,22.00,5.19,4788,Normal
2015-05-01T18:00:03,0,34.00,22.00,5.20,4788,Normal
2015-05-01T18:00:04,0,34.00,22.00,5.17,4788,Daily backup
2015-05-01T18:14:18,0,33.00,23.00,5.18,4788,Normal
2015-05-01T18:15:01,0,33.00,23.00,5.18,4788,Normal
2015-05-01T18:16:01,0,33.00,23.00,5.17,4808,Normal
2015-05-01T18:17:01,0,33.00,24.00,5.18,4788,Normal
2015-05-01T18:18:00,0,33.00,24.00,5.19,4788,Normal
2015-05-01T18:19:00,0,33.00,24.00,5.18,4788,Normal
2015-05-01T18:20:00,0,33.00,24.00,5.18,4788,Normal
2015-05-01T18:21:00,0,33.00,23.00,5.20,4788,Normal
2015-05-01T18:22:08,0,33.00,23.00,5.20,4768,Normal
2015-05-01T18:23:08,0,33.00,23.00,5.18,4788,Normal
2015-05-01T18:24:07,0,33.00,23.00,5.18,4788,Normal
2015-05-01T18:25:07,0,33.00,23.00,5.20,4768,Normal
2015-05-01T18:26:07,0,33.00,23.00,5.19,4788,Normal
2015-05-01T18:27:06,0,33.00,23.00,5.18,4788,Normal
2015-05-01T18:28:06,0,33.00,23.00,5.20,4788,Normal
2015-05-01T18:29:06,0,33.00,23.00,5.18,4788,Normal
2015-05-01T18:30:06,0,33.00,23.00,5.21,4788,Normal
2015-05-01T18:31:05,0,33.00,23.00,5.19,4788,Normal
2015-05-01T18:32:05,0,33.00,23.00,5.18,4768,Normal
2015-05-01T18:33:05,0,33.00,23.00,5.18,4788,Normal
2015-05-01T18:34:04,0,33.00,23.00,5.18,4788,Normal
2015-05-01T18:35:04,0,33.00,23.00,5.19,4768,Normal
2015-05-01T18:36:04,0,33.00,23.00,5.20,4788,Normal
2015-05-01T18:37:04,0,33.00,23.00,5.20,4788,Normal
2015-05-01T18:38:03,0,33.00,23.00,5.21,4788,Normal
2015-05-01T18:39:03,0,33.00,23.00,5.18,4788,Normal
2015-05-01T18:40:03,0,33.00,23.00,5.21,4768,Normal
2015-05-01T18:41:02,0,33.00,23.00,5.18,4788,Normal
2015-05-01T18:42:02,0,33.00,23.00,5.17,4788,Normal
2015-05-01T18:43:02,0,33.00,23.00,5.18,4788,Normal
2015-05-01T18:44:01,0,33.00,23.00,5.19,4788,Normal
2015-05-01T18:45:01,0,33.00,23.00,5.18,4788,Normal
2015-05-01T18:46:01,0,33.00,23.00,5.19,4788,Normal
2015-05-01T18:47:01,0,33.00,23.00,5.20,4768,Normal
2015-05-01T18:48:00,0,33.00,23.00,5.18,4788,Normal
2015-05-01T18:49:00,0,33.00,23.00,5.17,4788,Normal
2015-05-01T18:50:00,0,33.00,23.00,5.21,4788,Normal
2015-05-01T18:51:08,0,33.00,23.00,5.20,4788,Normal
2015-05-01T18:52:07,0,33.00,23.00,5.18,4768,Normal
2015-05-01T18:53:07,0,34.00,22.00,5.17,4788,Normal
2015-05-01T18:54:07,0,33.00,23.00,5.19,4768,Normal
2015-05-01T18:55:07,0,34.00,22.00,5.18,4788,Normal
2015-05-01T18:56:06,0,34.00,22.00,5.20,4788,Normal
2015-05-01T18:57:06,0,34.00,22.00,5.18,4788,Normal
2015-05-01T18:58:06,0,34.00,22.00,5.19,4788,Normal
2015-05-01T18:59:05,0,34.00,22.00,5.18,4768,Normal
2015-05-01T19:00:05,0,34.00,22.00,5.18,4788,Normal
